-- phpMyAdmin SQL Dump
-- version 4.7.4
-- https://www.phpmyadmin.net/
--
-- Host: 127.0.0.1:3306
-- Generation Time: Nov 28, 2018 at 01:14 PM
-- Server version: 5.7.19
-- PHP Version: 5.6.31

SET SQL_MODE = "NO_AUTO_VALUE_ON_ZERO";
SET AUTOCOMMIT = 0;
START TRANSACTION;
SET time_zone = "+00:00";


/*!40101 SET @OLD_CHARACTER_SET_CLIENT=@@CHARACTER_SET_CLIENT */;
/*!40101 SET @OLD_CHARACTER_SET_RESULTS=@@CHARACTER_SET_RESULTS */;
/*!40101 SET @OLD_COLLATION_CONNECTION=@@COLLATION_CONNECTION */;
/*!40101 SET NAMES utf8mb4 */;

--
-- Database: `lv_gym`
--

-- --------------------------------------------------------

--
-- Table structure for table `artical`
--

DROP TABLE IF EXISTS `artical`;
CREATE TABLE IF NOT EXISTS `artical` (
  `id` int(10) UNSIGNED NOT NULL AUTO_INCREMENT,
  `created_at` timestamp NULL DEFAULT NULL,
  `updated_at` timestamp NULL DEFAULT NULL,
  PRIMARY KEY (`id`)
) ENGINE=MyISAM DEFAULT CHARSET=utf8mb4 COLLATE=utf8mb4_unicode_ci;

-- --------------------------------------------------------

--
-- Table structure for table `categories`
--

DROP TABLE IF EXISTS `categories`;
CREATE TABLE IF NOT EXISTS `categories` (
  `id` int(10) UNSIGNED NOT NULL AUTO_INCREMENT,
  `name` varchar(200) COLLATE utf8mb4_unicode_ci NOT NULL,
  `alias` varchar(300) COLLATE utf8mb4_unicode_ci NOT NULL,
  `parent_id` int(11) NOT NULL,
  `description` varchar(500) COLLATE utf8mb4_unicode_ci DEFAULT NULL,
  `soft` int(11) DEFAULT '0',
  `status` int(11) NOT NULL DEFAULT '0',
  `created_at` timestamp NOT NULL DEFAULT CURRENT_TIMESTAMP,
  PRIMARY KEY (`id`)
) ENGINE=MyISAM AUTO_INCREMENT=23 DEFAULT CHARSET=utf8mb4 COLLATE=utf8mb4_unicode_ci;

--
-- Dumping data for table `categories`
--

INSERT INTO `categories` (`id`, `name`, `alias`, `parent_id`, `description`, `soft`, `status`, `created_at`) VALUES
(1, 'Mens', 'mens', 0, '<p>Strong &amp; Powerfullll</p>\r\n', 1, 0, '2018-07-11 09:08:18'),
(2, 'Womens', 'womens', 0, '<p>Tough &amp; pretty</p>', 2, 0, '2018-07-11 09:08:42'),
(3, 'Shortss', 'shortss', 1, '<p>Comfortable &amp; soft</p>\r\n', 3, 0, '2018-07-11 09:09:26'),
(4, 'Shorts', 'shorts', 2, '<p>Good!! choice</p>', 4, 0, '2018-07-22 04:15:10'),
(5, 'Shirts', 'shirts', 1, '<p>aqq</p>\r\n', 5, 0, '2018-07-23 11:38:45'),
(6, 'T-shirt', 'tshirt', 1, '<p>hii</p>', 6, 0, '2018-07-24 17:17:46'),
(7, 'Shoes', 'shoes', 1, '<p>aa</p>', 7, 0, '2018-07-24 17:19:18'),
(8, 'Shoes', 'shoes', 2, '<p>aaa</p>', 8, 0, '2018-07-24 17:19:31'),
(9, 'Equipment', 'equipment', 0, 'Strong', 9, 0, '2018-07-25 03:45:51'),
(10, 'Buttoms', 'buttoms', 1, 'so hot', 10, 0, '2018-07-26 03:45:44'),
(11, 'Hoodies & Jackets', 'hoodies--jackets', 2, '<p>very hot</p>\r\n\r\n<p>&nbsp;</p>\r\n', 11, 0, '2018-07-26 04:07:10'),
(12, 'Base layers', 'base-layers', 0, '<p>cool!!!!</p>\r\n', 12, 0, '2018-07-26 04:22:49'),
(13, 'Hoodies & Jacket', 'hoodies--jacket', 0, '<p>goodaaa</p>\r\n', 13, 0, '2018-07-26 04:46:33'),
(14, 'qweqwe', 'qweqwe', 0, '<p>qwe</p>', 14, 0, '2018-07-26 15:23:32'),
(15, 'asdqwe', 'asdqwe', 1, NULL, 15, 0, '2018-07-26 15:24:22'),
(16, 'Bottoms & legging', 'bottoms--legging', 2, 'Good!!!', 16, 0, '2018-07-27 02:42:00');

-- --------------------------------------------------------

--
-- Table structure for table `comments`
--

DROP TABLE IF EXISTS `comments`;
CREATE TABLE IF NOT EXISTS `comments` (
  `id` int(10) UNSIGNED NOT NULL AUTO_INCREMENT,
  `pro_id` int(11) NOT NULL,
  `user_id` int(11) NOT NULL,
  `comment` varchar(191) COLLATE utf8mb4_unicode_ci NOT NULL,
  `parent` int(11) NOT NULL DEFAULT '0',
  `like` int(11) NOT NULL,
  `created_at` timestamp NOT NULL DEFAULT CURRENT_TIMESTAMP,
  PRIMARY KEY (`id`)
) ENGINE=MyISAM AUTO_INCREMENT=97 DEFAULT CHARSET=utf8mb4 COLLATE=utf8mb4_unicode_ci;

--
-- Dumping data for table `comments`
--

INSERT INTO `comments` (`id`, `pro_id`, `user_id`, `comment`, `parent`, `like`, `created_at`) VALUES
(1, 16, 5, 'hello', 0, 1, '2018-07-18 09:48:08'),
(2, 16, 5, 'heelo\n', 1, 1, '2018-07-18 09:48:14'),
(3, 16, 5, 'ry cc', 1, 0, '2018-07-18 09:48:21'),
(4, 16, 5, 'kute', 0, 0, '2018-07-19 17:50:09'),
(5, 16, 5, 'cc', 4, 0, '2018-07-19 17:50:13'),
(6, 57, 17, 'Good job', 0, 1, '2018-07-26 17:38:21'),
(7, 57, 17, 'tks', 6, 1, '2018-07-26 17:38:28'),
(8, 57, 17, 'Honie ok', 6, 2, '2018-07-26 17:38:32'),
(9, 57, 5, 'Honieeee um biết rồi\n', 6, 0, '2018-07-26 17:52:04'),
(10, 66, 5, 'aaaq', 0, 1, '2018-07-27 02:36:19'),
(11, 66, 5, 'qqq', 10, 0, '2018-07-27 02:36:26'),
(12, 66, 5, 'hello', 0, 0, '2018-07-27 02:36:33'),
(13, 57, 5, 'aaq', 0, 1, '2018-07-30 04:02:27'),
(14, 57, 5, '12wq', 13, 1, '2018-07-30 04:02:38'),
(15, 22, 5, 'hi', 0, 0, '2018-08-04 12:17:36'),
(16, 22, 5, 'you look great\n', 0, 2, '2018-08-04 12:17:43'),
(17, 22, 5, 'tks', 16, 0, '2018-08-04 12:17:58'),
(18, 33, 5, 'hehe', 0, 2, '2018-08-11 11:33:48'),
(19, 33, 5, 'qqq', 18, 1, '2018-08-11 11:55:15'),
(20, 33, 5, 'ry qqq', 18, 0, '2018-08-11 11:55:19'),
(21, 57, 5, '1', 0, 0, '2018-08-11 12:15:57'),
(22, 57, 5, '2', 0, 0, '2018-08-11 12:15:58'),
(23, 57, 5, '3', 0, 0, '2018-08-11 12:16:00'),
(24, 57, 5, '4', 0, 0, '2018-08-11 12:16:01'),
(25, 57, 5, '5', 0, 0, '2018-08-11 12:16:02'),
(26, 57, 5, '6', 0, 0, '2018-08-11 12:16:04'),
(27, 57, 5, '7', 0, 0, '2018-08-11 12:16:06'),
(28, 57, 5, '8', 0, 0, '2018-08-11 12:16:07'),
(29, 57, 5, '9', 0, 0, '2018-08-11 12:16:08'),
(30, 57, 5, '10', 0, 0, '2018-08-11 12:16:14'),
(31, 16, 5, 'q', 0, 0, '2018-08-11 12:18:41'),
(32, 16, 5, '3', 0, 0, '2018-08-11 12:18:44'),
(33, 16, 5, '4', 0, 0, '2018-08-11 12:18:46'),
(34, 16, 5, '4', 0, 0, '2018-08-11 12:19:19'),
(35, 16, 5, '5', 0, 0, '2018-08-11 12:19:22'),
(36, 16, 5, '7', 0, 0, '2018-08-11 12:20:33'),
(37, 16, 5, '8', 0, 0, '2018-08-11 12:22:03'),
(38, 16, 5, '1', 0, 0, '2018-08-11 12:22:04'),
(39, 16, 5, '12', 0, 0, '2018-08-11 12:22:06'),
(40, 16, 5, '32', 0, 0, '2018-08-11 12:22:08'),
(41, 16, 5, '55', 0, 0, '2018-08-11 12:22:10'),
(42, 16, 5, '13', 0, 1, '2018-08-11 12:22:12'),
(43, 16, 5, 'he', 42, 0, '2018-08-11 12:22:24'),
(44, 16, 5, 'ry tks u', 42, 0, '2018-08-11 12:22:30'),
(45, 16, 5, 'abc', 0, 0, '2018-10-16 02:46:47'),
(46, 16, 23, '1122', 0, 0, '2018-10-16 02:50:22'),
(47, 16, 23, '121', 0, 0, '2018-10-16 02:51:17'),
(48, 16, 23, '1', 0, 0, '2018-10-16 02:52:06'),
(49, 16, 23, '2', 0, 0, '2018-10-16 02:52:37'),
(50, 16, 23, '3', 0, 0, '2018-10-16 02:52:50'),
(51, 16, 23, '4', 0, 0, '2018-10-16 02:53:08'),
(52, 16, 23, '5', 0, 0, '2018-10-16 02:53:26'),
(53, 16, 23, '6', 0, 0, '2018-10-16 02:54:05'),
(54, 16, 23, '6.1', 53, 0, '2018-10-16 03:04:59'),
(55, 16, 23, '7', 53, 0, '2018-10-16 03:07:03'),
(56, 16, 23, 'Diffindon 7.2', 53, 0, '2018-10-16 03:09:05'),
(57, 16, 23, 'test', 0, 0, '2018-10-16 03:22:28'),
(58, 16, 23, 'hi', 57, 0, '2018-10-16 03:22:34'),
(59, 16, 23, 'Diffindon hi cc', 57, 0, '2018-10-16 03:22:42'),
(60, 16, 23, 'Diffindon ok', 57, 0, '2018-10-16 03:57:26'),
(61, 16, 23, 'Diffindon ok ', 57, 0, '2018-10-16 03:57:38'),
(62, 16, 23, 'hi', 42, 0, '2018-10-16 04:01:48'),
(63, 16, 23, 'Diffindon hi cc', 42, 0, '2018-10-16 04:01:56'),
(64, 16, 23, 'hi', 32, 0, '2018-10-16 04:04:49'),
(65, 16, 23, 'test clv', 0, 0, '2018-10-16 04:05:29'),
(66, 16, 23, 'hi tks', 65, 0, '2018-10-16 04:05:35'),
(67, 16, 23, 'Diffindon you\'re wellcome', 65, 0, '2018-10-16 04:05:48'),
(68, 16, 23, 'hi ', 45, 0, '2018-10-16 04:06:06'),
(69, 16, 23, 'Diffindon hi too', 45, 0, '2018-10-16 04:06:14'),
(70, 18, 23, 'hi', 0, 0, '2018-10-16 04:08:40'),
(71, 18, 23, 'ok tks', 70, 0, '2018-10-16 04:08:49'),
(72, 16, 5, 'test', 0, 0, '2018-10-24 05:32:03'),
(73, 16, 5, 'tks u', 72, 0, '2018-10-24 05:34:36'),
(74, 16, 5, 'sax', 0, 0, '2018-10-24 05:34:55'),
(75, 16, 5, 'hi', 74, 0, '2018-10-24 05:35:16'),
(76, 16, 5, 'hi', 0, 0, '2018-10-24 12:31:51'),
(77, 16, 5, 'tks', 76, 0, '2018-10-24 12:31:58'),
(78, 16, 5, 'hi', 0, 0, '2018-10-24 12:32:14'),
(79, 16, 5, '11', 0, 0, '2018-10-24 12:33:38'),
(80, 1, 5, 'hi', 0, 0, '2018-10-24 12:39:02'),
(81, 1, 5, 'ok biet roi', 0, 0, '2018-10-24 12:39:12'),
(82, 2, 23, 'hi mn', 0, 0, '2018-10-24 14:52:07'),
(83, 12, 23, 'hi', 0, 0, '2018-10-24 14:58:06'),
(84, 12, 23, 'hihi', 83, 0, '2018-10-24 14:58:19'),
(85, 12, 23, 'Diffindon you\'re welcome', 83, 0, '2018-10-24 14:58:30'),
(86, 8, 23, 'test', 0, 0, '2018-10-24 14:59:37'),
(87, 23, 23, 'hi', 0, 0, '2018-10-25 04:53:01'),
(88, 23, 23, 'hi', 87, 0, '2018-10-25 04:53:16'),
(89, 24, 23, 'hi', 0, 0, '2018-10-27 08:55:47'),
(90, 55, 13, 'nice', 0, 0, '2018-11-26 14:22:46'),
(91, 55, 13, 'really?\n', 90, 0, '2018-11-26 14:22:56'),
(92, 55, 23, 'Johang tks for your reply :D\n', 90, 0, '2018-11-26 14:23:51'),
(93, 55, 13, 'hi ', 0, 0, '2018-11-26 14:24:09'),
(94, 2, 23, 'nice clothes', 0, 0, '2018-11-28 03:35:34'),
(95, 2, 23, 'tks', 94, 0, '2018-11-28 03:35:41'),
(96, 2, 13, 'Diffindon oh yeah', 94, 0, '2018-11-28 03:36:16');

-- --------------------------------------------------------

--
-- Table structure for table `feedback`
--

DROP TABLE IF EXISTS `feedback`;
CREATE TABLE IF NOT EXISTS `feedback` (
  `id` int(10) UNSIGNED NOT NULL AUTO_INCREMENT,
  `customer_id` int(11) NOT NULL,
  `content` varchar(2000) COLLATE utf8mb4_unicode_ci NOT NULL,
  `status` int(11) NOT NULL DEFAULT '0',
  `created_at` timestamp NULL DEFAULT NULL,
  `updated_at` timestamp NULL DEFAULT NULL,
  PRIMARY KEY (`id`)
) ENGINE=MyISAM AUTO_INCREMENT=49 DEFAULT CHARSET=utf8mb4 COLLATE=utf8mb4_unicode_ci;

--
-- Dumping data for table `feedback`
--

INSERT INTO `feedback` (`id`, `customer_id`, `content`, `status`, `created_at`, `updated_at`) VALUES
(28, 5, 'awwq', 1, NULL, NULL),
(27, 5, 'q', 1, NULL, NULL),
(26, 5, 'zzaa', 1, NULL, NULL),
(25, 5, 'qweqw', 1, NULL, NULL),
(24, 5, 'aaa', 1, NULL, NULL),
(23, 5, 'asdqq', 1, NULL, NULL),
(29, 5, 'qwe', 1, NULL, NULL),
(30, 5, 'qwa', 1, NULL, NULL),
(31, 5, 'qwe', 1, NULL, NULL),
(32, 5, 'qqweaaawewqweqweqweqw', 1, NULL, NULL),
(33, 5, 'cc ne m444qqweqweasdsadqweqweqweqweqwe', 1, NULL, NULL),
(34, 5, 'hello', 1, NULL, NULL),
(35, 5, 'qweqwe', 1, NULL, NULL),
(36, 5, 'cuongdeptrai', 1, NULL, NULL),
(37, 5, 'cuongdeptrai2', 2, NULL, NULL),
(38, 5, 'hello great shop', 2, NULL, NULL),
(41, 21, 'hehi', 2, NULL, NULL),
(42, 23, 'hi', 2, NULL, NULL),
(43, 23, 'hi', 2, NULL, NULL),
(44, 23, 'cc', 2, NULL, NULL),
(45, 23, 'cc', 2, NULL, NULL),
(46, 23, 'do u thin k so?', 2, NULL, NULL),
(47, 23, 'do u thin k so?', 2, NULL, NULL),
(48, 23, 'c', 2, NULL, NULL);

-- --------------------------------------------------------

--
-- Table structure for table `group_permission`
--

DROP TABLE IF EXISTS `group_permission`;
CREATE TABLE IF NOT EXISTS `group_permission` (
  `id` int(10) UNSIGNED NOT NULL AUTO_INCREMENT,
  `per_id` int(11) NOT NULL,
  `list_product` int(11) DEFAULT '0',
  `insert_product` int(11) DEFAULT '0',
  `edit_product` int(11) DEFAULT '0',
  `delete_product` int(11) DEFAULT '0',
  `list_category` int(11) DEFAULT '0',
  `insert_category` int(11) DEFAULT '0',
  `edit_category` int(11) DEFAULT '0',
  `delete_category` int(11) DEFAULT '0',
  `list_user` int(11) DEFAULT '0',
  `insert_user` int(11) DEFAULT '0',
  `edit_user` int(11) DEFAULT '0',
  `delete_user` int(11) DEFAULT '0',
  `list_permission` int(11) DEFAULT '0',
  `insert_permission` int(11) DEFAULT '0',
  `edit_permission` int(11) DEFAULT '0',
  `delete_permission` int(11) DEFAULT '0',
  `list_order` int(11) DEFAULT '0',
  `edit_order` int(11) DEFAULT '0',
  `list_ship` int(11) DEFAULT NULL,
  `edit_ship` int(11) DEFAULT NULL,
  `created_at` timestamp NULL DEFAULT NULL,
  `updated_at` timestamp NULL DEFAULT NULL,
  PRIMARY KEY (`id`)
) ENGINE=MyISAM AUTO_INCREMENT=8 DEFAULT CHARSET=utf8mb4 COLLATE=utf8mb4_unicode_ci;

--
-- Dumping data for table `group_permission`
--

INSERT INTO `group_permission` (`id`, `per_id`, `list_product`, `insert_product`, `edit_product`, `delete_product`, `list_category`, `insert_category`, `edit_category`, `delete_category`, `list_user`, `insert_user`, `edit_user`, `delete_user`, `list_permission`, `insert_permission`, `edit_permission`, `delete_permission`, `list_order`, `edit_order`, `list_ship`, `edit_ship`, `created_at`, `updated_at`) VALUES
(1, 1, 1, 1, 1, 1, 1, 1, 1, 1, 1, 1, 1, 1, 1, 0, 1, 1, 1, 1, 1, 1, NULL, NULL),
(2, 2, 1, 1, 1, 1, 1, 1, 1, 1, 1, 0, 0, 0, 0, 0, 0, 0, 1, 0, 1, 0, NULL, NULL),
(3, 3, 1, 1, 1, 1, 1, 1, 1, 1, 1, 0, 0, 0, 0, 0, 0, 0, 1, 1, 1, 1, NULL, NULL),
(4, 5, 1, 0, 0, 0, 1, 0, 0, 0, 1, 0, 0, 0, 0, 0, 0, 0, 0, 0, NULL, NULL, NULL, NULL),
(5, 6, 1, 0, 0, 0, 1, 0, 0, 0, 0, 0, 0, 0, 0, 0, 0, 0, 1, 1, 1, 1, NULL, NULL),
(6, 8, 1, 1, 0, 0, 1, 1, 0, 0, 1, 1, 1, 0, 0, 1, 1, 0, 0, 0, 0, 0, NULL, NULL),
(7, 8, 1, 1, 0, 0, 1, 1, 0, 0, 1, 1, 1, 0, 0, 1, 1, 0, 0, 0, 0, 0, NULL, NULL);

-- --------------------------------------------------------

--
-- Table structure for table `like`
--

DROP TABLE IF EXISTS `like`;
CREATE TABLE IF NOT EXISTS `like` (
  `id` int(10) UNSIGNED NOT NULL AUTO_INCREMENT,
  `comment_id` int(11) NOT NULL,
  `user_id` int(11) NOT NULL,
  `created_at` timestamp NULL DEFAULT NULL,
  `updated_at` timestamp NULL DEFAULT NULL,
  PRIMARY KEY (`id`)
) ENGINE=MyISAM AUTO_INCREMENT=41 DEFAULT CHARSET=utf8mb4 COLLATE=utf8mb4_unicode_ci;

--
-- Dumping data for table `like`
--

INSERT INTO `like` (`id`, `comment_id`, `user_id`, `created_at`, `updated_at`) VALUES
(1, 2, 5, NULL, NULL),
(2, 1, 5, NULL, NULL),
(3, 6, 17, NULL, NULL),
(4, 8, 17, NULL, NULL),
(5, 8, 5, NULL, NULL),
(6, 7, 5, NULL, NULL),
(7, 10, 5, NULL, NULL),
(8, 13, 5, NULL, NULL),
(9, 14, 5, NULL, NULL),
(11, 16, 5, NULL, NULL),
(12, 16, 5, NULL, NULL),
(13, 18, 5, NULL, NULL),
(14, 18, 5, NULL, NULL),
(15, 19, 5, NULL, NULL),
(17, 42, 5, NULL, NULL),
(18, 42, 22, NULL, NULL),
(37, 91, 13, NULL, NULL),
(22, 59, 23, NULL, NULL),
(25, 41, 23, NULL, NULL),
(26, 41, 23, NULL, NULL),
(32, 66, 23, NULL, NULL),
(28, 61, 23, NULL, NULL),
(36, 70, 23, NULL, NULL),
(30, 63, 23, NULL, NULL),
(31, 32, 23, NULL, NULL),
(33, 67, 23, NULL, NULL),
(34, 45, 23, NULL, NULL),
(35, 69, 23, NULL, NULL),
(38, 91, 23, NULL, NULL),
(39, 94, 23, NULL, NULL),
(40, 95, 13, NULL, NULL);

-- --------------------------------------------------------

--
-- Table structure for table `migrations`
--

DROP TABLE IF EXISTS `migrations`;
CREATE TABLE IF NOT EXISTS `migrations` (
  `id` int(10) UNSIGNED NOT NULL AUTO_INCREMENT,
  `migration` varchar(191) COLLATE utf8mb4_unicode_ci NOT NULL,
  `batch` int(11) NOT NULL,
  PRIMARY KEY (`id`)
) ENGINE=MyISAM AUTO_INCREMENT=81 DEFAULT CHARSET=utf8mb4 COLLATE=utf8mb4_unicode_ci;

--
-- Dumping data for table `migrations`
--

INSERT INTO `migrations` (`id`, `migration`, `batch`) VALUES
(54, '2014_10_12_000000_create_users_table', 1),
(55, '2014_10_12_100000_create_password_resets_table', 1),
(56, '2018_05_08_070419_create_categories_table', 1),
(57, '2018_05_08_070608_create_products_table', 1),
(75, '2018_07_18_134520_create_order_details_table', 2),
(71, '2018_07_05_121916_create_permission_table', 2),
(72, '2018_07_14_112805_create_comments_table', 2),
(73, '2018_07_15_203331_create_like_table', 2),
(74, '2018_07_18_134304_create_orders_table', 2),
(76, '2018_07_19_130733_create_status_table', 3),
(77, '2018_07_21_220024_create_group_permission_table', 4),
(78, '2018_07_22_200017_create_ship_table', 5),
(79, '2018_07_27_183005_create_article_table', 6),
(80, '2018_07_27_184916_create_feedback_table', 6);

-- --------------------------------------------------------

--
-- Table structure for table `orders`
--

DROP TABLE IF EXISTS `orders`;
CREATE TABLE IF NOT EXISTS `orders` (
  `id` int(10) UNSIGNED NOT NULL AUTO_INCREMENT,
  `customer_id` int(11) NOT NULL,
  `area` varchar(191) COLLATE utf8mb4_unicode_ci NOT NULL,
  `delivery_place` varchar(300) COLLATE utf8mb4_unicode_ci NOT NULL,
  `delivery_cost` decimal(10,2) NOT NULL,
  `status` int(11) NOT NULL,
  `created_at` timestamp NOT NULL DEFAULT CURRENT_TIMESTAMP,
  PRIMARY KEY (`id`)
) ENGINE=MyISAM AUTO_INCREMENT=269 DEFAULT CHARSET=utf8mb4 COLLATE=utf8mb4_unicode_ci;

--
-- Dumping data for table `orders`
--

INSERT INTO `orders` (`id`, `customer_id`, `area`, `delivery_place`, `delivery_cost`, `status`, `created_at`) VALUES
(41, 5, 'hcm', 'Q9', '2.00', 5, '2018-07-22 18:17:12'),
(40, 5, 'hcm', 'Q9', '2.00', 5, '2018-07-22 18:14:17'),
(39, 5, 'hcm', 'Q9', '2.00', 5, '2018-07-22 18:09:55'),
(38, 5, 'hcm', 'Q9', '2.00', 5, '2018-07-22 17:59:42'),
(37, 5, 'hcm', 'Q9', '2.00', 4, '2018-07-22 17:58:15'),
(36, 5, 'hcm', 'Q9', '2.00', 5, '2018-07-22 17:43:13'),
(35, 5, 'hcm', 'Q9', '2.00', 4, '2018-07-22 17:43:13'),
(34, 5, 'hcm', 'Q9', '2.00', 5, '2018-07-22 17:39:38'),
(33, 5, 'hcm', 'Q9', '2.00', 5, '2017-07-18 15:36:28'),
(32, 5, 'hcm', 'Q9', '2.00', 5, '2018-07-18 15:34:58'),
(31, 5, 'hcm', 'Q9', '2.00', 4, '2018-07-18 15:32:35'),
(30, 5, 'hcm', 'Q9', '2.00', 5, '2018-07-18 15:32:26'),
(29, 5, 'hcm', 'Q9', '2.00', 5, '2018-07-18 15:30:55'),
(28, 5, 'hcm', 'Q9', '2.00', 5, '2018-07-18 09:42:14'),
(42, 5, 'hcm', 'Q9', '2.00', 5, '2018-07-23 09:36:11'),
(43, 5, 'hcm', 'Q9', '2.00', 4, '2018-07-23 09:36:55'),
(44, 5, 'hcm', 'Q9', '2.00', 5, '2018-07-23 09:38:04'),
(45, 5, 'hcm', 'Q9', '2.00', 5, '2018-07-25 05:33:26'),
(46, 5, 'hcm', 'Q9', '2.00', 5, '2018-07-25 05:35:02'),
(47, 5, 'hcm', 'Q9', '2.00', 5, '2018-07-25 05:37:46'),
(48, 5, 'other', 'HN', '4.00', 5, '2018-07-25 06:28:50'),
(49, 5, 'other', 'HN', '4.00', 5, '2018-07-25 06:32:39'),
(50, 5, 'hcm', 'Q9', '2.00', 1, '2018-07-25 06:37:26'),
(51, 5, 'hcm', 'Q9', '2.00', 5, '2018-07-25 06:37:33'),
(52, 5, 'hcm', 'Q9', '2.00', 5, '2018-07-25 06:38:34'),
(53, 5, 'hcm', 'Q9', '2.00', 5, '2018-07-25 06:38:37'),
(54, 5, 'hcm', 'Q9', '2.00', 5, '2018-07-25 06:38:43'),
(55, 5, 'hcm', 'Q9', '2.00', 5, '2018-07-25 06:40:35'),
(56, 5, 'hcm', 'Q9', '2.00', 5, '2018-07-25 06:41:06'),
(57, 5, 'hcm', 'Q9', '2.00', 5, '2018-07-25 06:41:50'),
(58, 5, 'hcm', 'Q9', '2.00', 5, '2018-07-25 06:41:56'),
(59, 5, 'hcm', 'Q9', '2.00', 5, '2018-07-25 06:42:08'),
(60, 5, 'hcm', 'Q9', '2.00', 5, '2018-07-25 06:45:20'),
(61, 5, 'hcm', 'Q9', '2.00', 4, '2018-07-25 06:45:44'),
(62, 5, 'hcm', 'Q9', '2.00', 5, '2018-07-25 06:49:33'),
(63, 13, 'hcm', 'Q2', '2.00', 5, '2018-07-26 06:10:48'),
(64, 13, 'hcm', 'Q2', '2.00', 5, '2018-07-26 06:11:30'),
(65, 13, 'hcm', 'Q2', '2.00', 5, '2018-07-26 06:11:48'),
(66, 13, 'hcm', 'Q2', '2.00', 5, '2018-07-26 06:12:08'),
(67, 13, 'hcm', 'Q2', '2.00', 5, '2018-07-26 06:12:24'),
(68, 13, 'hcm', 'Q1', '2.00', 4, '2018-07-26 06:16:30'),
(69, 13, 'hcm', 'Q1', '2.00', 5, '2018-07-26 06:18:02'),
(70, 13, 'hcm', 'q', '2.00', 2, '2018-07-26 06:21:48'),
(71, 13, 'hcm', 'q', '2.00', 5, '2018-07-26 06:24:39'),
(72, 13, 'hcm', 'q', '2.00', 4, '2018-07-26 06:46:07'),
(73, 5, 'hcm', 'Q9', '2.00', 5, '2018-07-26 17:32:02'),
(74, 5, 'hcm', 'Q9', '2.00', 4, '2018-07-27 11:47:30'),
(75, 5, 'hcm', 'Q9', '2.00', 4, '2018-07-29 15:00:38'),
(76, 5, 'hcm', 'Q9', '2.00', 4, '2018-07-29 15:11:53'),
(77, 5, 'hcm', 'Q7', '2.00', 4, '2018-07-29 15:18:44'),
(78, 5, 'hcm', 'Q7', '2.00', 5, '2018-07-30 03:46:31'),
(79, 5, 'hcm', 'Q7', '2.00', 4, '2018-07-30 03:55:56'),
(80, 5, 'hcm', 'Q7', '2.00', 5, '2018-08-01 04:49:14'),
(81, 5, 'hcm', 'Q7', '2.00', 5, '2018-08-01 04:57:18'),
(82, 5, 'hcm', 'Q7', '2.00', 5, '2018-08-01 05:02:22'),
(83, 5, 'hcm', 'Q7', '2.00', 5, '2018-08-01 05:09:27'),
(84, 5, 'other', 'Q7', '4.00', 4, '2018-08-04 11:59:42'),
(85, 5, 'hcm', 'Q7', '2.00', 5, '2018-08-06 15:49:57'),
(86, 5, 'hcm', 'Q7', '2.00', 5, '2018-08-06 15:51:24'),
(87, 5, 'hcm', 'Q7', '2.00', 5, '2018-08-06 15:51:31'),
(88, 5, 'hcm', 'Q7', '2.00', 4, '2018-08-06 15:54:08'),
(89, 5, 'hcm', 'Q7', '2.00', 5, '2018-08-06 16:00:09'),
(90, 5, 'hcm', 'Q9', '5.00', 5, '2018-08-06 16:06:16'),
(91, 5, 'hcm', 'Q7', '2.00', 4, '2018-08-11 11:26:32'),
(92, 5, 'hcm', 'Q7', '2.00', 5, '2018-08-11 11:27:26'),
(93, 5, 'hcm', 'Q7', '2.00', 5, '2018-08-11 13:45:10'),
(94, 5, 'hcm', 'Q7', '2.00', 5, '2018-08-12 03:12:41'),
(95, 5, 'hcm', 'Q7', '2.00', 5, '2018-08-12 13:23:30'),
(96, 21, 'hcm', 'Q2', '2.00', 5, '2018-08-12 16:14:03'),
(97, 21, 'hcm', 'Q1', '2.00', 5, '2018-08-12 16:20:47'),
(98, 21, 'hcm', 'Q1', '2.00', 5, '2018-08-12 16:22:35'),
(99, 21, 'hcm', 'asdqwe', '3.00', 4, '2018-08-12 16:29:15'),
(100, 21, 'hcm', 'Q2', '2.00', 5, '2018-08-12 16:29:38'),
(101, 21, 'hcm', 'Q2', '2.00', 5, '2018-08-12 16:30:01'),
(102, 21, 'hcm', 'Q2', '2.00', 1, '2018-08-12 16:30:09'),
(103, 21, 'hcm', 'Q2', '2.00', 5, '2018-08-12 16:30:46'),
(104, 21, 'hcm', 'update1', '12.00', 5, '2018-08-12 16:31:17'),
(105, 21, 'hcm', '3qqwa', '2.00', 4, '2018-08-12 16:33:13'),
(106, 21, 'hcm', 'Q2', '2.00', 5, '2018-08-12 16:33:28'),
(107, 21, 'hcm', 'Q2', '2.00', 5, '2018-08-12 16:35:52'),
(108, 21, 'hcm', 'Q2', '2.00', 5, '2018-08-12 16:37:19'),
(109, 21, 'hcm', 'Q2', '2.00', 4, '2018-08-12 16:37:27'),
(110, 21, 'hcm', 'Q2', '2.00', 5, '2018-08-12 16:37:43'),
(111, 21, 'hcm', 'Q2', '2.00', 5, '2018-08-12 16:38:55'),
(112, 21, 'hcm', 'Q2', '2.00', 5, '2018-08-12 16:39:12'),
(113, 21, 'hcm', 'Hiaaqqqqqzaa', '2.00', 2, '2018-08-12 16:40:59'),
(114, 21, 'hcm', 'Q5', '2.00', 5, '2018-08-12 16:41:08'),
(115, 21, 'hcm', 'Q5', '2.00', 5, '2018-08-12 16:43:55'),
(116, 21, 'hcm', 'Q1', '2.00', 5, '2018-08-13 01:43:07'),
(117, 21, 'hcm', 'Q7', '2.00', 5, '2018-08-13 01:47:24'),
(118, 21, 'hcm', 'Q1', '2.00', 5, '2018-08-13 01:54:44'),
(119, 21, 'hcm', 'Q2', '2.00', 5, '2018-08-13 01:55:53'),
(120, 21, 'hcm', 'Q2', '2.00', 5, '2018-08-13 03:40:44'),
(121, 21, 'other', 'Q3', '4.00', 5, '2018-08-13 03:47:08'),
(122, 21, 'hcm', 'Q8', '2.00', 5, '2018-08-13 03:50:14'),
(123, 21, 'hcm', 'Q9', '2.00', 5, '2018-08-13 03:51:08'),
(124, 21, 'hcm', 'Q4', '2.00', 5, '2018-08-13 03:53:38'),
(125, 21, 'hcm', 'Q7', '2.00', 3, '2018-08-13 03:55:09'),
(126, 21, 'hcm', 'Q8', '2.00', 5, '2018-08-13 07:25:16'),
(127, 23, 'hcm', 'Q2', '2.00', 1, '2018-10-25 09:34:14'),
(128, 23, 'hcm', 'Q2', '2.00', 1, '2018-10-25 09:34:38'),
(129, 23, 'hcm', 'Q2', '2.00', 1, '2018-10-25 09:34:57'),
(130, 23, 'hcm', 'Q2', '2.00', 1, '2018-10-25 09:36:34'),
(131, 23, 'hcm', 'Q2', '2.00', 1, '2018-10-25 09:36:44'),
(132, 23, 'hcm', 'Q2', '2.00', 1, '2018-10-25 09:36:51'),
(133, 23, 'hcm', 'Q2', '2.00', 1, '2018-10-25 09:36:58'),
(134, 23, 'hcm', 'Q2', '2.00', 1, '2018-10-25 09:37:11'),
(135, 23, 'hcm', 'Q2', '2.00', 1, '2018-10-25 09:42:35'),
(136, 23, 'hcm', 'Q2', '2.00', 1, '2018-10-25 10:51:58'),
(137, 23, 'hcm', 'Q2', '2.00', 1, '2018-10-25 10:54:10'),
(138, 23, 'hcm', 'Q2', '2.00', 1, '2018-10-25 11:36:21'),
(139, 23, 'hcm', 'Q2', '2.00', 1, '2018-10-25 11:36:30'),
(140, 23, 'hcm', 'Q2', '2.00', 1, '2018-10-25 11:37:00'),
(141, 23, 'hcm', 'Q2', '2.00', 1, '2018-10-25 11:37:07'),
(142, 23, 'hcm', 'Q2', '2.00', 1, '2018-10-25 11:37:40'),
(143, 23, 'hcm', 'Q2', '2.00', 1, '2018-10-25 11:41:22'),
(144, 23, 'hcm', 'Q2', '2.00', 1, '2018-10-25 11:42:00'),
(145, 23, 'hcm', 'Q2', '2.00', 1, '2018-10-25 11:42:07'),
(146, 23, 'hcm', 'Q2', '2.00', 1, '2018-10-25 11:42:18'),
(147, 23, 'hcm', 'Q2', '2.00', 1, '2018-10-25 12:19:52'),
(148, 23, 'hcm', 'Q2', '2.00', 1, '2018-10-25 12:20:02'),
(149, 23, 'hcm', 'Q2', '2.00', 1, '2018-10-25 12:20:08'),
(150, 23, 'hcm', 'Q2', '2.00', 1, '2018-10-25 12:20:14'),
(151, 23, 'hcm', 'Q2', '2.00', 1, '2018-10-25 12:20:32'),
(152, 23, 'hcm', 'Q2', '2.00', 1, '2018-10-25 12:20:43'),
(153, 23, 'hcm', 'Q2', '2.00', 1, '2018-10-25 12:20:53'),
(154, 23, 'hcm', 'Q2', '2.00', 1, '2018-10-25 12:21:07'),
(155, 23, 'hcm', 'Q2', '2.00', 1, '2018-10-25 12:21:15'),
(156, 23, 'hcm', 'Q2', '2.00', 1, '2018-10-25 12:21:27'),
(157, 23, 'hcm', 'Q2', '2.00', 1, '2018-10-25 12:22:02'),
(158, 23, 'hcm', 'Q2', '2.00', 1, '2018-10-25 12:22:21'),
(159, 23, 'hcm', 'Q2', '2.00', 1, '2018-10-25 12:22:38'),
(160, 23, 'hcm', 'Q2', '2.00', 1, '2018-10-25 12:23:03'),
(161, 23, 'hcm', 'Q2', '2.00', 1, '2018-10-25 12:23:46'),
(162, 23, 'hcm', 'Q2', '2.00', 1, '2018-10-25 12:24:23'),
(163, 23, 'hcm', 'Q2', '2.00', 1, '2018-10-25 12:24:38'),
(164, 23, 'hcm', 'Q2', '2.00', 1, '2018-10-25 12:24:56'),
(165, 23, 'hcm', 'Q2', '2.00', 1, '2018-10-25 12:25:09'),
(166, 23, 'hcm', 'Q2', '2.00', 1, '2018-10-25 12:25:23'),
(167, 23, 'hcm', 'Q2', '2.00', 1, '2018-10-25 12:25:42'),
(168, 23, 'hcm', 'Q2', '2.00', 1, '2018-10-25 12:26:00'),
(169, 23, 'hcm', 'Q2', '2.00', 1, '2018-10-25 12:26:19'),
(170, 23, 'hcm', 'Q2', '2.00', 1, '2018-10-25 12:26:27'),
(171, 23, 'hcm', 'Q2', '2.00', 1, '2018-10-25 12:26:46'),
(172, 23, 'hcm', 'Q2', '2.00', 1, '2018-10-25 12:27:06'),
(173, 23, 'hcm', 'Q2', '2.00', 1, '2018-10-25 12:27:19'),
(174, 23, 'hcm', 'Q2', '2.00', 1, '2018-10-25 12:27:25'),
(175, 23, 'hcm', 'Q2', '2.00', 1, '2018-10-25 12:27:30'),
(176, 23, 'hcm', 'Q2', '2.00', 1, '2018-10-25 12:27:47'),
(177, 23, 'hcm', 'Q2', '2.00', 1, '2018-10-25 12:29:05'),
(178, 23, 'hcm', 'Q2', '2.00', 1, '2018-10-25 12:29:23'),
(179, 23, 'hcm', 'Q2', '2.00', 1, '2018-10-25 12:30:26'),
(180, 23, 'hcm', 'Q2', '2.00', 1, '2018-10-25 12:40:57'),
(181, 23, 'hcm', 'Q2', '2.00', 1, '2018-10-25 12:41:13'),
(182, 23, 'hcm', 'Q2', '2.00', 1, '2018-10-25 12:41:20'),
(183, 23, 'hcm', 'Q2', '2.00', 1, '2018-10-25 12:41:28'),
(184, 23, 'hcm', 'Q2', '2.00', 1, '2018-10-25 12:41:48'),
(185, 23, 'hcm', 'Q2', '2.00', 1, '2018-10-25 12:42:02'),
(186, 23, 'hcm', 'Q2', '2.00', 1, '2018-10-25 12:42:07'),
(187, 23, 'hcm', 'Q2', '2.00', 1, '2018-10-25 12:42:20'),
(188, 23, 'hcm', 'Q2', '2.00', 1, '2018-10-25 12:43:09'),
(189, 23, 'hcm', 'Q2', '2.00', 1, '2018-10-27 08:00:03'),
(190, 23, 'hcm', 'Q2', '2.00', 1, '2018-10-27 08:01:32'),
(191, 23, 'hcm', 'Q2', '2.00', 1, '2018-10-27 08:02:19'),
(192, 23, 'hcm', 'Q2', '2.00', 1, '2018-10-27 08:02:45'),
(193, 23, 'hcm', 'Q2', '2.00', 1, '2018-10-27 08:03:19'),
(194, 23, 'hcm', 'Q2', '2.00', 1, '2018-10-27 08:04:36'),
(195, 23, 'hcm', 'Q2', '2.00', 1, '2018-10-27 08:06:22'),
(196, 23, 'hcm', 'Q2', '2.00', 1, '2018-10-27 08:07:57'),
(197, 23, 'hcm', 'Q2', '2.00', 1, '2018-10-27 08:08:03'),
(198, 23, 'hcm', 'Q2', '2.00', 1, '2018-10-27 08:10:23'),
(199, 23, 'hcm', 'Q2', '2.00', 1, '2018-10-27 08:10:24'),
(200, 23, 'hcm', 'Q2', '2.00', 1, '2018-10-27 08:10:25'),
(201, 23, 'hcm', 'Q2', '2.00', 1, '2018-10-27 08:10:26'),
(202, 23, 'hcm', 'Q2', '2.00', 1, '2018-10-27 08:10:27'),
(203, 23, 'hcm', 'Q2', '2.00', 1, '2018-10-27 08:10:28'),
(204, 23, 'hcm', 'Q2', '2.00', 1, '2018-10-27 08:10:29'),
(205, 23, 'hcm', 'Q2', '2.00', 1, '2018-10-27 08:10:30'),
(206, 23, 'hcm', 'Q2', '2.00', 1, '2018-10-27 08:10:30'),
(207, 23, 'hcm', 'Q2', '2.00', 1, '2018-10-27 08:10:31'),
(208, 23, 'hcm', 'Q2', '2.00', 1, '2018-10-27 08:10:32'),
(209, 23, 'hcm', 'Q2', '2.00', 1, '2018-10-27 08:10:33'),
(210, 23, 'hcm', 'Q2', '2.00', 1, '2018-10-27 08:10:34'),
(211, 23, 'hcm', 'Q2', '2.00', 1, '2018-10-27 08:10:35'),
(212, 23, 'hcm', 'Q2', '2.00', 1, '2018-10-27 08:10:36'),
(213, 23, 'hcm', 'Q2', '2.00', 1, '2018-10-27 08:10:37'),
(214, 23, 'hcm', 'Q2', '2.00', 1, '2018-10-27 08:10:38'),
(215, 23, 'hcm', 'Q2', '2.00', 1, '2018-10-27 08:10:39'),
(216, 23, 'hcm', 'Q2', '2.00', 1, '2018-10-27 08:10:40'),
(217, 23, 'hcm', 'Q2', '2.00', 1, '2018-10-27 08:10:41'),
(218, 23, 'hcm', 'Q2', '2.00', 1, '2018-10-27 08:10:42'),
(219, 23, 'hcm', 'Q2', '2.00', 1, '2018-10-27 08:10:43'),
(220, 23, 'hcm', 'Q2', '2.00', 1, '2018-10-27 08:10:44'),
(221, 23, 'hcm', 'Q2', '2.00', 1, '2018-10-27 08:10:45'),
(222, 23, 'hcm', 'Q2', '2.00', 1, '2018-10-27 08:10:46'),
(223, 23, 'hcm', 'Q2', '2.00', 1, '2018-10-27 08:11:01'),
(224, 23, 'hcm', 'Q2', '2.00', 1, '2018-10-27 08:11:02'),
(225, 23, 'hcm', 'Q2', '2.00', 1, '2018-10-27 08:11:03'),
(226, 23, 'hcm', 'Q2', '2.00', 5, '2018-10-27 08:13:07'),
(227, 23, 'hcm', 'Q2', '2.00', 1, '2018-10-29 05:32:17'),
(228, 23, 'hcm', 'Q2', '2.00', 5, '2018-10-30 13:46:24'),
(229, 23, 'hcm', 'Q2', '2.00', 1, '2018-10-30 13:48:48'),
(230, 23, 'hcm', 'Q2', '2.00', 1, '2018-10-30 13:50:51'),
(231, 23, 'hcm', 'Q2', '2.00', 1, '2018-10-30 13:52:34'),
(232, 23, 'hcm', 'Q2', '2.00', 1, '2018-10-30 13:53:35'),
(233, 23, 'hcm', 'Q2', '2.00', 1, '2018-10-30 13:54:26'),
(234, 23, 'hcm', 'Q2', '2.00', 1, '2018-10-30 13:54:53'),
(235, 23, 'hcm', 'Q2', '2.00', 1, '2018-10-30 13:55:27'),
(236, 23, 'hcm', 'Q2', '2.00', 1, '2018-10-30 13:56:55'),
(237, 23, 'hcm', 'Q2', '2.00', 1, '2018-10-30 13:57:37'),
(238, 23, 'hcm', 'Q2', '2.00', 1, '2018-10-30 13:58:00'),
(239, 23, 'hcm', 'Q2', '2.00', 1, '2018-10-30 13:58:24'),
(240, 23, 'hcm', 'Q2', '2.00', 1, '2018-10-30 13:58:52'),
(241, 23, 'hcm', 'Q2', '2.00', 1, '2018-10-30 13:59:21'),
(242, 23, 'hcm', 'Q2', '2.00', 1, '2018-10-30 13:59:44'),
(243, 23, 'hcm', 'Q2', '2.00', 1, '2018-10-30 14:00:22'),
(244, 23, 'hcm', 'Q2', '2.00', 1, '2018-10-30 14:01:16'),
(245, 23, 'hcm', 'Q2', '2.00', 1, '2018-10-30 14:01:57'),
(246, 23, 'hcm', 'Q2', '2.00', 1, '2018-10-30 14:02:23'),
(247, 23, 'hcm', 'Q2', '2.00', 1, '2018-10-30 14:04:01'),
(248, 23, 'hcm', 'Q2', '2.00', 1, '2018-10-30 14:07:02'),
(249, 23, 'hcm', 'Q2', '2.00', 1, '2018-10-30 14:07:35'),
(250, 23, 'hcm', 'Q2', '2.00', 1, '2018-10-30 14:08:26'),
(251, 23, 'hcm', 'Q2', '2.00', 1, '2018-10-30 14:08:58'),
(252, 23, 'hcm', 'Q2', '2.00', 5, '2018-10-30 14:09:46'),
(253, 23, 'hcm', 'Q2', '2.00', 5, '2018-10-30 14:11:10'),
(254, 23, 'hcm', 'Q2', '2.00', 3, '2018-10-30 14:11:47'),
(255, 23, 'hcm', 'Q2', '2.00', 3, '2018-10-30 14:13:43'),
(256, 23, 'hcm', 'Q2', '2.00', 3, '2018-10-30 14:14:56'),
(257, 23, 'hcm', 'Q2', '2.00', 5, '2018-10-30 14:16:36'),
(258, 25, 'hcm', 'Q2', '2.00', 4, '2018-11-26 12:57:24'),
(259, 25, 'hcm', 'Q2', '2.00', 4, '2018-11-26 14:05:19'),
(260, 25, 'hcm', 'Q2', '2.00', 5, '2018-11-26 14:05:39'),
(261, 25, 'hcm', 'Q2', '2.00', 5, '2018-11-26 14:06:12'),
(262, 13, 'hcm', 'Q2', '2.00', 5, '2018-11-26 14:10:40'),
(263, 13, 'hcm', 'Q2', '2.00', 5, '2018-11-26 14:11:56'),
(264, 13, 'hcm', 'Q2', '2.00', 5, '2018-11-26 23:21:26'),
(265, 13, 'hcm', 'Q9', '2.00', 5, '2018-11-27 00:00:32'),
(266, 13, 'hcm', 'Q9', '2.00', 5, '2018-11-27 00:00:54'),
(267, 13, 'hcm', 'Q9', '2.00', 3, '2018-11-27 00:01:17'),
(268, 23, 'hcm', 'Q2', '2.00', 5, '2018-11-28 02:57:33');

-- --------------------------------------------------------

--
-- Table structure for table `order_details`
--

DROP TABLE IF EXISTS `order_details`;
CREATE TABLE IF NOT EXISTS `order_details` (
  `id` int(10) UNSIGNED NOT NULL AUTO_INCREMENT,
  `order_id` int(11) NOT NULL,
  `pro_id` int(11) NOT NULL,
  `price` decimal(10,2) NOT NULL,
  `size` varchar(191) COLLATE utf8mb4_unicode_ci NOT NULL,
  `quantity` int(11) NOT NULL,
  `created_at` timestamp NOT NULL DEFAULT CURRENT_TIMESTAMP,
  PRIMARY KEY (`id`)
) ENGINE=MyISAM AUTO_INCREMENT=334 DEFAULT CHARSET=utf8mb4 COLLATE=utf8mb4_unicode_ci;

--
-- Dumping data for table `order_details`
--

INSERT INTO `order_details` (`id`, `order_id`, `pro_id`, `price`, `size`, `quantity`, `created_at`) VALUES
(156, 73, 55, '38.00', 'M', 12, '2018-07-26 17:32:02'),
(155, 73, 56, '30.00', 'XS', 1, '2018-07-26 17:32:02'),
(154, 73, 57, '30.00', 'XS', 1, '2018-07-26 17:32:02'),
(153, 72, 53, '30.00', 'XS', 1, '2018-07-26 06:46:07'),
(152, 72, 52, '45.00', 'XS', 1, '2018-07-26 06:46:07'),
(151, 71, 53, '30.00', 'XS', 1, '2018-07-26 06:24:39'),
(150, 71, 52, '45.00', 'XS', 1, '2018-07-26 06:24:39'),
(149, 70, 53, '30.00', 'XS', 1, '2018-07-26 06:21:48'),
(148, 70, 54, '40.00', 'XS', 1, '2018-07-26 06:21:48'),
(147, 69, 52, '45.00', 'XS', 1, '2018-07-26 06:18:02'),
(146, 69, 53, '30.00', 'XS', 1, '2018-07-26 06:18:02'),
(145, 68, 11, '34.00', 'XS', 1, '2018-07-26 06:16:31'),
(144, 68, 12, '26.00', 'XS', 1, '2018-07-26 06:16:31'),
(143, 67, 56, '30.00', 'XS', 1, '2018-07-26 06:12:24'),
(142, 67, 57, '30.00', 'XS', 1, '2018-07-26 06:12:24'),
(141, 66, 56, '30.00', 'XS', 1, '2018-07-26 06:12:08'),
(140, 66, 57, '30.00', 'XS', 1, '2018-07-26 06:12:08'),
(139, 65, 56, '30.00', 'XS', 1, '2018-07-26 06:11:48'),
(138, 65, 57, '30.00', 'XS', 1, '2018-07-26 06:11:48'),
(137, 64, 56, '30.00', 'XS', 1, '2018-07-26 06:11:30'),
(136, 64, 57, '30.00', 'XS', 1, '2018-07-26 06:11:30'),
(135, 63, 56, '30.00', 'XS', 1, '2018-07-26 06:10:48'),
(134, 63, 57, '30.00', 'XS', 1, '2018-07-26 06:10:48'),
(133, 60, 21, '30.00', 'none', 1, '2018-07-25 06:45:20'),
(132, 60, 20, '20.00', 'none', 1, '2018-07-25 06:45:20'),
(131, 57, 3, '36.00', 'XS', 1, '2018-07-25 06:41:50'),
(130, 57, 2, '36.00', 'XS', 1, '2018-07-25 06:41:50'),
(129, 56, 21, '30.00', 'none', 1, '2018-07-25 06:41:06'),
(128, 56, 20, '20.00', 'none', 1, '2018-07-25 06:41:06'),
(127, 52, 12, '26.00', 'XS', 1, '2018-07-25 06:38:34'),
(126, 52, 11, '34.00', 'XS', 1, '2018-07-25 06:38:34'),
(125, 50, 15, '26.00', 'XS', 1, '2018-07-25 06:37:26'),
(124, 50, 16, '26.00', 'XS', 1, '2018-07-25 06:37:26'),
(123, 48, 15, '26.00', 'XS', 23, '2018-07-25 06:28:50'),
(122, 48, 20, '20.00', 'none', 30, '2018-07-25 06:28:50'),
(121, 46, 3, '36.00', 'M', 4, '2018-07-25 05:35:02'),
(120, 46, 2, '36.00', 'S', 2, '2018-07-25 05:35:02'),
(119, 46, 21, '30.00', 'none', 20, '2018-07-25 05:35:02'),
(118, 44, 13, '26.00', 'M', 2, '2018-07-23 09:38:04'),
(117, 44, 16, '26.00', 'M', 2, '2018-07-23 09:38:04'),
(116, 43, 15, '26.00', 'XL', 3, '2018-07-23 09:36:55'),
(115, 43, 14, '26.00', 'XL', 3, '2018-07-23 09:36:55'),
(114, 42, 15, '26.00', 'M', 2, '2018-07-23 09:36:11'),
(113, 42, 16, '26.00', 'M', 2, '2018-07-23 09:36:11'),
(112, 41, 14, '26.00', 'M', 2, '2018-07-22 18:17:12'),
(111, 41, 15, '26.00', 'M', 2, '2018-07-22 18:17:12'),
(110, 41, 16, '26.00', 'M', 2, '2018-07-22 18:17:12'),
(109, 40, 14, '26.00', 'M', 2, '2018-07-22 18:14:17'),
(108, 40, 15, '26.00', 'M', 2, '2018-07-22 18:14:17'),
(107, 40, 16, '26.00', 'M', 2, '2018-07-22 18:14:17'),
(106, 39, 14, '26.00', 'XL', 3, '2018-07-22 18:09:55'),
(105, 39, 15, '26.00', 'L', 3, '2018-07-22 18:09:55'),
(104, 39, 16, '26.00', 'M', 3, '2018-07-22 18:09:55'),
(103, 38, 14, '26.00', 'L', 3, '2018-07-22 17:59:42'),
(102, 38, 15, '26.00', 'L', 3, '2018-07-22 17:59:42'),
(101, 38, 16, '26.00', 'L', 3, '2018-07-22 17:59:42'),
(100, 37, 14, '26.00', 'XS', 1, '2018-07-22 17:58:15'),
(99, 37, 15, '26.00', 'XS', 1, '2018-07-22 17:58:15'),
(98, 37, 16, '26.00', 'XS', 1, '2018-07-22 17:58:15'),
(97, 36, 14, '26.00', 'S', 3, '2018-07-22 17:43:13'),
(96, 36, 15, '26.00', 'S', 3, '2018-07-22 17:43:13'),
(95, 36, 16, '26.00', 'S', 3, '2018-07-22 17:43:13'),
(94, 35, 14, '26.00', 'S', 3, '2018-07-22 17:43:13'),
(93, 35, 15, '26.00', 'S', 3, '2018-07-22 17:43:13'),
(92, 35, 16, '26.00', 'S', 3, '2018-07-22 17:43:13'),
(91, 34, 14, '26.00', 'XS', 4, '2018-07-22 17:39:38'),
(90, 34, 15, '26.00', 'XS', 4, '2018-07-22 17:39:38'),
(89, 34, 16, '26.00', 'XS', 3, '2018-07-22 17:39:38'),
(88, 33, 16, '26.00', 'S', 5, '2017-01-18 15:36:28'),
(87, 32, 1, '36.00', 'XS', 5, '2018-07-18 15:34:58'),
(86, 31, 15, '26.00', 'XS', 5, '2018-04-18 15:32:35'),
(85, 31, 16, '26.00', 'XS', 11, '2018-05-18 15:32:35'),
(84, 28, 14, '26.00', 'XS', 1, '2018-06-18 09:42:14'),
(83, 28, 15, '26.00', 'XS', 1, '2018-03-18 09:42:14'),
(82, 28, 16, '26.00', 'XS', 1, '2018-07-18 09:42:14'),
(157, 74, 53, '30.00', 'XS', 1, '2018-07-27 11:47:30'),
(158, 74, 52, '45.00', 'XS', 1, '2018-07-27 11:47:30'),
(159, 75, 57, '30.00', 'XS', 2, '2018-07-29 15:00:39'),
(160, 75, 78, '52.00', 'XS', 1, '2018-07-29 15:00:39'),
(161, 75, 74, '40.00', 'XS', 1, '2018-07-29 15:00:39'),
(162, 75, 73, '46.00', 'XS', 1, '2018-07-29 15:00:39'),
(163, 76, 57, '30.00', 'XS', 1, '2018-07-29 15:11:53'),
(164, 76, 56, '30.00', 'XS', 1, '2018-07-29 15:11:53'),
(165, 76, 55, '38.00', 'M', 1, '2018-07-29 15:11:53'),
(166, 77, 52, '45.00', 'XS', 1, '2018-07-29 15:18:44'),
(167, 77, 53, '30.00', 'XS', 1, '2018-07-29 15:18:44'),
(168, 77, 54, '40.00', 'XS', 1, '2018-07-29 15:18:44'),
(169, 78, 56, '30.00', 'XS', 1, '2018-07-30 03:46:31'),
(170, 78, 55, '38.00', 'M', 1, '2018-07-30 03:46:31'),
(171, 78, 57, '30.00', 'XS', 1, '2018-07-30 03:46:31'),
(172, 79, 55, '38.00', 'XL', 6, '2018-07-30 03:55:56'),
(173, 79, 56, '30.00', 'XS', 3, '2018-07-30 03:55:56'),
(174, 80, 50, '60.00', 'L', 5, '2018-08-01 04:49:14'),
(175, 80, 56, '30.00', 'S', 2, '2018-08-01 04:49:14'),
(176, 80, 42, '52.00', 'S', 20, '2018-08-01 04:49:14'),
(177, 80, 45, '60.00', 'XS', 4, '2018-08-01 04:49:14'),
(178, 80, 55, '38.00', 'M', 10, '2018-08-01 04:49:14'),
(179, 81, 3, '36.00', 'XS', 1, '2018-08-01 04:57:18'),
(180, 81, 4, '36.00', 'XS', 4, '2018-08-01 04:57:18'),
(181, 81, 4, '36.00', 'S', 1, '2018-08-01 04:57:18'),
(182, 81, 13, '26.00', 'XS', 1, '2018-08-01 04:57:18'),
(183, 81, 34, '30.00', 'XS', 1, '2018-08-01 04:57:18'),
(184, 82, 79, '30.00', 'none', 20, '2018-08-01 05:02:22'),
(185, 83, 21, '30.00', 'none', 5, '2018-08-01 05:09:27'),
(186, 83, 20, '20.00', 'none', 5, '2018-08-01 05:09:27'),
(187, 84, 69, '231.00', 'XS', 4, '2018-08-04 11:59:42'),
(188, 84, 57, '30.00', 'XS', 1, '2018-08-04 11:59:42'),
(189, 84, 56, '30.00', 'XS', 1, '2018-08-04 11:59:42'),
(190, 85, 69, '231.00', 'XS', 5, '2018-08-06 15:49:57'),
(191, 85, 57, '30.00', 'XS', 2, '2018-08-06 15:49:57'),
(192, 85, 56, '30.00', 'XS', 1, '2018-08-06 15:49:57'),
(193, 85, 55, '38.00', 'M', 5, '2018-08-06 15:49:57'),
(194, 85, 54, '40.00', 'XS', 6, '2018-08-06 15:49:57'),
(195, 85, 53, '30.00', 'XS', 4, '2018-08-06 15:49:57'),
(196, 88, 78, '52.00', 'S', 4, '2018-08-06 15:54:08'),
(197, 88, 77, '52.00', 'XS', 4, '2018-08-06 15:54:08'),
(198, 89, 77, '52.00', 'XS', 3, '2018-08-06 16:00:09'),
(199, 89, 78, '52.00', 'XS', 2, '2018-08-06 16:00:09'),
(200, 89, 28, '30.00', 'XS', 7, '2018-08-06 16:00:09'),
(201, 89, 27, '26.00', 'XS', 1, '2018-08-06 16:00:09'),
(202, 90, 55, '38.00', 'M', 3, '2018-08-06 16:06:16'),
(203, 90, 54, '40.00', 'S', 6, '2018-08-06 16:06:16'),
(204, 91, 28, '30.00', 'XS', 1, '2018-08-11 11:26:32'),
(205, 92, 78, '52.00', 'XS', 1, '2018-08-11 11:27:26'),
(206, 93, 77, '52.00', 'XS', 1, '2018-08-11 13:45:10'),
(207, 93, 54, '40.00', 'XS', 2, '2018-08-11 13:45:10'),
(208, 93, 53, '30.00', 'XS', 4, '2018-08-11 13:45:10'),
(209, 93, 50, '60.00', 'L', 10, '2018-08-11 13:45:10'),
(210, 93, 21, '30.00', 'none', 30, '2018-08-11 13:45:10'),
(211, 93, 50, '60.00', 'M', 10, '2018-08-11 13:45:10'),
(212, 94, 85, '250.00', 'none', 20, '2018-08-12 03:12:41'),
(213, 95, 55, '38.00', 'XL', 7, '2018-08-12 13:23:30'),
(214, 95, 55, '38.00', 'M', 1, '2018-08-12 13:23:30'),
(215, 95, 56, '30.00', 'XS', 7, '2018-08-12 13:23:30'),
(216, 95, 57, '30.00', 'XS', 8, '2018-08-12 13:23:30'),
(217, 96, 45, '60.00', 'XS', 4, '2018-08-12 16:14:03'),
(218, 96, 50, '60.00', 'L', 4, '2018-08-12 16:14:03'),
(219, 96, 42, '52.00', 'XS', 4, '2018-08-12 16:14:03'),
(220, 97, 50, '60.00', 'M', 5, '2018-08-12 16:20:47'),
(221, 97, 42, '52.00', 'M', 5, '2018-08-12 16:20:47'),
(222, 98, 42, '52.00', 'M', 7, '2018-08-12 16:22:35'),
(223, 98, 50, '60.00', 'M', 5, '2018-08-12 16:22:35'),
(255, 128, 30, '26.00', 'XS', 1, '2018-10-25 09:34:38'),
(254, 127, 30, '26.00', 'XS', 1, '2018-10-25 09:34:14'),
(226, 99, 20, '150.00', 'none', 6, '2018-08-12 16:29:15'),
(227, 104, 87, '150.00', 'none', 1, '2018-08-12 16:31:17'),
(228, 105, 30, '26.00', 'XS', 1, '2018-08-12 16:33:14'),
(229, 113, 87, '150.00', 'none', 1, '2018-08-12 16:40:59'),
(230, 116, 42, '52.00', 'XL', 10, '2018-08-13 01:43:07'),
(231, 116, 50, '60.00', 'L', 6, '2018-08-13 01:43:07'),
(232, 116, 42, '52.00', 'XS', 5, '2018-08-13 01:43:07'),
(233, 117, 42, '52.00', 'XS', 10, '2018-08-13 01:47:24'),
(234, 117, 50, '60.00', 'L', 10, '2018-08-13 01:47:24'),
(235, 118, 20, '150.00', 'none', 14, '2018-08-13 01:54:44'),
(236, 118, 55, '38.00', 'M', 11, '2018-08-13 01:54:44'),
(237, 119, 55, '38.00', 'XL', 7, '2018-08-13 01:55:53'),
(238, 120, 56, '30.00', 'XS', 7, '2018-08-13 03:40:44'),
(239, 120, 55, '38.00', 'M', 1, '2018-08-13 03:40:44'),
(240, 120, 57, '30.00', 'S', 1, '2018-08-13 03:40:44'),
(241, 120, 56, '30.00', 'S', 12, '2018-08-13 03:40:44'),
(242, 121, 86, '200.00', 'none', 10, '2018-08-13 03:47:08'),
(243, 121, 57, '30.00', 'XS', 8, '2018-08-13 03:47:08'),
(244, 121, 57, '30.00', 'S', 17, '2018-08-13 03:47:08'),
(245, 122, 57, '30.00', 'XS', 8, '2018-08-13 03:50:14'),
(246, 122, 57, '30.00', 'S', 21, '2018-08-13 03:50:14'),
(247, 123, 57, '30.00', 'M', 13, '2018-08-13 03:51:08'),
(248, 124, 87, '150.00', 'none', 8, '2018-08-13 03:53:38'),
(249, 125, 56, '30.00', 'XS', 1, '2018-08-13 03:55:09'),
(250, 125, 55, '38.00', 'M', 9, '2018-08-13 03:55:09'),
(251, 125, 55, '38.00', 'XL', 7, '2018-08-13 03:55:09'),
(252, 126, 57, '30.00', 'XS', 4, '2018-08-13 07:25:16'),
(253, 126, 76, '42.00', 'XS', 1, '2018-08-13 07:25:16'),
(256, 129, 30, '26.00', 'XS', 1, '2018-10-25 09:34:57'),
(257, 131, 30, '26.00', 'XS', 1, '2018-10-25 09:36:44'),
(258, 133, 30, '26.00', 'XS', 1, '2018-10-25 09:36:58'),
(259, 134, 30, '26.00', 'XS', 1, '2018-10-25 09:37:11'),
(260, 135, 30, '26.00', 'XS', 1, '2018-10-25 09:42:35'),
(261, 135, 1, '36.00', 'XS', 7, '2018-10-25 09:42:35'),
(262, 135, 1, '36.00', 'M', 5, '2018-10-25 09:42:35'),
(263, 137, 1, '36.00', 'M', 3, '2018-10-25 10:54:10'),
(264, 137, 2, '36.00', 'XS', 8, '2018-10-25 10:54:10'),
(265, 138, 1, '36.00', 'XS', 1, '2018-10-25 11:36:21'),
(266, 138, 2, '36.00', 'XS', 1, '2018-10-25 11:36:21'),
(267, 139, 1, '36.00', 'XS', 1, '2018-10-25 11:36:30'),
(268, 139, 2, '36.00', 'XS', 1, '2018-10-25 11:36:30'),
(269, 183, 1, '36.00', 'XS', 1, '2018-10-25 12:41:28'),
(270, 184, 1, '36.00', 'XS', 1, '2018-10-25 12:41:48'),
(271, 185, 1, '36.00', 'XS', 1, '2018-10-25 12:42:02'),
(272, 189, 24, '34.00', 'XS', 2, '2018-10-27 08:00:03'),
(273, 190, 25, '34.00', 'XS', 1, '2018-10-27 08:01:32'),
(274, 191, 25, '34.00', 'XS', 16, '2018-10-27 08:02:19'),
(275, 193, 25, '34.00', 'XS', 3, '2018-10-27 08:03:19'),
(276, 194, 25, '34.00', 'S', 1, '2018-10-27 08:04:36'),
(277, 194, 25, '34.00', 'M', 10, '2018-10-27 08:04:36'),
(278, 194, 24, '34.00', 'XS', 1, '2018-10-27 08:04:36'),
(279, 226, 27, '26.00', 'XS', 1, '2018-10-27 08:13:07'),
(280, 227, 1, '36.00', 'XS', 1, '2018-10-29 05:32:17'),
(281, 227, 2, '36.00', 'XS', 1, '2018-10-29 05:32:18'),
(282, 228, 27, '26.00', 'XS', 1, '2018-10-30 13:46:24'),
(283, 228, 28, '30.00', 'XS', 1, '2018-10-30 13:46:25'),
(284, 229, 21, '200.00', 'none', 1, '2018-10-30 13:48:49'),
(285, 231, 21, '200.00', 'none', 1, '2018-10-30 13:52:34'),
(286, 232, 3, '36.00', 'XS', 1, '2018-10-30 13:53:35'),
(287, 233, 3, '36.00', 'XS', 1, '2018-10-30 13:54:27'),
(288, 234, 27, '26.00', 'XS', 1, '2018-10-30 13:54:53'),
(289, 235, 4, '36.00', 'XS', 1, '2018-10-30 13:55:27'),
(290, 236, 20, '150.00', 'none', 1, '2018-10-30 13:56:56'),
(291, 237, 84, '200.00', 'none', 1, '2018-10-30 13:57:37'),
(292, 238, 20, '150.00', 'none', 1, '2018-10-30 13:58:00'),
(293, 239, 20, '150.00', 'none', 1, '2018-10-30 13:58:24'),
(294, 0, 20, '150.00', 'none', 1, '2018-10-30 13:58:44'),
(295, 241, 21, '200.00', 'none', 1, '2018-10-30 13:59:21'),
(296, 242, 85, '250.00', 'none', 1, '2018-10-30 13:59:44'),
(297, 243, 21, '200.00', 'none', 1, '2018-10-30 14:00:22'),
(298, 244, 87, '160.00', 'none', 1, '2018-10-30 14:01:16'),
(299, 245, 21, '200.00', 'none', 1, '2018-10-30 14:01:57'),
(300, 246, 84, '200.00', 'none', 1, '2018-10-30 14:02:23'),
(301, 247, 84, '200.00', 'none', 1, '2018-10-30 14:04:01'),
(302, 248, 84, '200.00', 'none', 1, '2018-10-30 14:07:02'),
(303, 249, 21, '200.00', 'none', 1, '2018-10-30 14:07:35'),
(304, 250, 21, '200.00', 'none', 1, '2018-10-30 14:08:26'),
(305, 251, 21, '200.00', 'none', 1, '2018-10-30 14:08:58'),
(306, 252, 84, '200.00', 'none', 1, '2018-10-30 14:09:46'),
(307, 253, 21, '200.00', 'none', 1, '2018-10-30 14:11:10'),
(308, 253, 84, '200.00', 'none', 1, '2018-10-30 14:11:10'),
(309, 254, 21, '200.00', 'none', 1, '2018-10-30 14:11:47'),
(310, 255, 84, '200.00', 'none', 1, '2018-10-30 14:13:44'),
(311, 256, 46, '50.00', 'S', 3, '2018-10-30 14:14:56'),
(312, 256, 33, '30.00', 'XS', 5, '2018-10-30 14:14:56'),
(313, 257, 29, '34.00', 'XS', 1, '2018-10-30 14:16:36'),
(314, 258, 55, '38.00', 'M', 1, '2018-11-26 12:57:24'),
(315, 259, 60, '100.00', 'L', 26, '2018-11-26 14:05:19'),
(316, 260, 60, '100.00', 'L', 26, '2018-11-26 14:05:39'),
(317, 261, 60, '100.00', 'L', 26, '2018-11-26 14:06:12'),
(318, 261, 20, '150.00', 'none', 12, '2018-11-26 14:06:12'),
(319, 261, 60, '100.00', 'XS', 21, '2018-11-26 14:06:12'),
(320, 262, 60, '100.00', 'S', 2, '2018-11-26 14:10:40'),
(321, 263, 60, '100.00', 'S', 2, '2018-11-26 14:11:56'),
(322, 263, 55, '38.00', 'M', 1, '2018-11-26 14:11:56'),
(323, 264, 21, '200.00', 'none', 1, '2018-11-26 23:21:27'),
(324, 264, 84, '200.00', 'none', 1, '2018-11-26 23:21:28'),
(325, 265, 1, '36.00', 'S', 1, '2018-11-27 00:00:32'),
(326, 265, 2, '36.00', 'S', 1, '2018-11-27 00:00:32'),
(327, 266, 2, '36.00', 'S', 1, '2018-11-27 00:00:54'),
(328, 266, 3, '36.00', 'XS', 1, '2018-11-27 00:00:54'),
(329, 267, 1, '36.00', 'S', 1, '2018-11-27 00:01:17'),
(330, 267, 3, '36.00', 'XS', 1, '2018-11-27 00:01:17'),
(331, 268, 2, '36.00', 'S', 3, '2018-11-28 02:57:33'),
(332, 268, 3, '36.00', 'XS', 5, '2018-11-28 02:57:33'),
(333, 268, 25, '34.00', 'S', 4, '2018-11-28 02:57:33');

-- --------------------------------------------------------

--
-- Table structure for table `password_resets`
--

DROP TABLE IF EXISTS `password_resets`;
CREATE TABLE IF NOT EXISTS `password_resets` (
  `email` varchar(191) COLLATE utf8mb4_unicode_ci NOT NULL,
  `token` varchar(191) COLLATE utf8mb4_unicode_ci NOT NULL,
  `created_at` timestamp NULL DEFAULT NULL,
  KEY `password_resets_email_index` (`email`)
) ENGINE=MyISAM DEFAULT CHARSET=utf8mb4 COLLATE=utf8mb4_unicode_ci;

-- --------------------------------------------------------

--
-- Table structure for table `permission`
--

DROP TABLE IF EXISTS `permission`;
CREATE TABLE IF NOT EXISTS `permission` (
  `id` int(10) UNSIGNED NOT NULL AUTO_INCREMENT,
  `name` varchar(191) COLLATE utf8mb4_unicode_ci NOT NULL,
  `position` int(11) DEFAULT NULL,
  `created_at` timestamp NULL DEFAULT NULL,
  `updated_at` timestamp NULL DEFAULT NULL,
  PRIMARY KEY (`id`)
) ENGINE=MyISAM AUTO_INCREMENT=10 DEFAULT CHARSET=utf8mb4 COLLATE=utf8mb4_unicode_ci;

--
-- Dumping data for table `permission`
--

INSERT INTO `permission` (`id`, `name`, `position`, `created_at`, `updated_at`) VALUES
(1, 'Admin', 1, NULL, NULL),
(2, 'Enter Data', 2, NULL, NULL),
(3, 'Sale Management', NULL, NULL, NULL),
(4, 'Customer', 4, NULL, NULL),
(5, 'Saler', NULL, NULL, NULL),
(6, 'Shipper', 6, NULL, NULL),
(8, 'hi', NULL, NULL, NULL),
(9, 'ha', NULL, NULL, NULL);

-- --------------------------------------------------------

--
-- Table structure for table `products`
--

DROP TABLE IF EXISTS `products`;
CREATE TABLE IF NOT EXISTS `products` (
  `id` int(10) UNSIGNED NOT NULL AUTO_INCREMENT,
  `name` varchar(500) COLLATE utf8mb4_unicode_ci NOT NULL,
  `alias` varchar(500) COLLATE utf8mb4_unicode_ci NOT NULL,
  `cate_id` int(11) NOT NULL,
  `sup_id` int(11) DEFAULT NULL,
  `price` int(11) NOT NULL,
  `quantity` int(11) NOT NULL,
  `reduce` int(11) NOT NULL,
  `size` varchar(500) COLLATE utf8mb4_unicode_ci DEFAULT NULL,
  `image` varchar(100) COLLATE utf8mb4_unicode_ci NOT NULL,
  `sub_image` varchar(500) COLLATE utf8mb4_unicode_ci DEFAULT NULL,
  `intro` varchar(500) COLLATE utf8mb4_unicode_ci NOT NULL,
  `description` varchar(2000) COLLATE utf8mb4_unicode_ci DEFAULT NULL,
  `view` int(11) NOT NULL DEFAULT '0',
  `status` int(11) NOT NULL DEFAULT '0',
  `created_at` timestamp NOT NULL DEFAULT CURRENT_TIMESTAMP,
  `updated_at` timestamp NOT NULL DEFAULT CURRENT_TIMESTAMP ON UPDATE CURRENT_TIMESTAMP,
  PRIMARY KEY (`id`)
) ENGINE=MyISAM AUTO_INCREMENT=99 DEFAULT CHARSET=utf8mb4 COLLATE=utf8mb4_unicode_ci;

--
-- Dumping data for table `products`
--

INSERT INTO `products` (`id`, `name`, `alias`, `cate_id`, `sup_id`, `price`, `quantity`, `reduce`, `size`, `image`, `sub_image`, `intro`, `description`, `view`, `status`, `created_at`, `updated_at`) VALUES
(1, 'PERFORATED SHORTS', 'perforated-shorts', 3, NULL, 36, 45, 36, '{\"XS\":0,\"S\":9,\"M\":2,\"L\":\"11\",\"XL\":\"12\",\"2XL\":\"11\"}', 'short_11531300493.1', '[\"short_11531300493.2\",\"short_11531300493.3\",\"short_11531300493.4\",\"short_11531300493.5\"]', 'No matter how strenuous the workout, the Men’s Perforated Shorts are ready to see you through.', '<p>No matter how strenuous the workout, the Men&rsquo;s Perforated Shorts are ready to see you through. Constructed with 4-way stretch fabric, on-trend split hems and an elasticated waistband, you&rsquo;re guaranteed a customisable fit for ultimate comfort.</p>\r\n\r\n<p>Featuring laser cut perforation and fused hems, the Perforated Shorts provide a sleek design.</p>\r\n\r\n<p>Finished with working zip pockets to the side and reflective logo.</p>\r\n\r\n<p>Main: 89% Polyester, 11% Elastane.</p>\r\n\r\n<p>Model is 6&#39;0&quot; and wears size M</p>', 9, 0, '2018-07-11 09:14:53', '2018-11-27 00:15:50'),
(2, 'LIGHT GREY', 'light-grey', 3, 1, 36, 50, 36, '{\"XS\":0,\"S\":10,\"M\":\"10\",\"L\":\"10\",\"XL\":\"10\",\"2XL\":\"10\"}', 'short_21531300712.2', '[\"short_21531300712.jpg\",\"short_21531300712.1\",\"short_21531300712.3\",\"short_21531300712.4\"]', 'No matter how strenuous the workout, the Men’s Perforated Shorts are ready to see you through.', '<p>No matter how strenuous the workout, the Men&rsquo;s Perforated Shorts are ready to see you through. Constructed with 4-way stretch fabric, on-trend split hems and an elasticated waistband, you&rsquo;re guaranteed a customisable fit for ultimate comfort.</p>\r\n\r\n<p>Featuring laser cut perforation and fused hems, the Perforated Shorts provide a sleek design.</p>\r\n\r\n<p>Finished with working zip pockets to the side and reflective logo.</p>\r\n\r\n<p>Main: 89% Polyester, 11% Elastane.</p>\r\n\r\n<p>Model is 6&#39;0&quot; and wears size M</p>', 9, 0, '2018-07-11 09:18:32', '2018-11-28 03:03:42'),
(3, 'BLACK', 'black', 3, 1, 36, 57, 36, '{\"XS\":7,\"S\":\"10\",\"M\":10,\"L\":\"10\",\"XL\":\"10\",\"2XL\":\"10\"}', 'short_31531300893.1', '[\"short_31531300893.2\",\"short_31531300893.3\",\"short_31531300893.4\",\"short_31531300893.5\",\"short_31531300893.jpg\"]', 'No matter how strenuous the workout, the Men’s Perforated Shorts are ready to see you through.', '<p>No matter how strenuous the workout, the Men&rsquo;s Perforated Shorts are ready to see you through. Constructed with 4-way stretch fabric, on-trend split hems and an elasticated waistband, you&rsquo;re guaranteed a customisable fit for ultimate comfort.</p>\r\n\r\n<p>Featuring laser cut perforation and fused hems, the Perforated Shorts provide a sleek design.</p>\r\n\r\n<p>Finished with working zip pockets to the side and reflective logo.</p>\r\n\r\n<p>Main: 89% Polyester, 11% Elastane.</p>\r\n\r\n<p>Model is 6&#39;0&quot; and wears size M</p>', 9, 0, '2018-07-11 09:21:33', '2018-11-28 03:03:42'),
(4, 'CHARCOAL', 'charcoal', 3, 1, 36, 63, 36, '{\"XS\":10,\"S\":11,\"M\":\"10\",\"L\":\"12\",\"XL\":\"10\",\"2XL\":\"10\"}', 'short_41531301466.jpg', '[\"short_41531301466.1\",\"short_41531301466.2\",\"short_41531301466.3\",\"short_41531301466.4\"]', 'No matter how strenuous the workout, the Men’s Perforated Two in One Shorts are ready to see you through.', '<p>No matter how strenuous the workout, the Men&rsquo;s Perforated Two in One Shorts are ready to see you through. Constructed with 4-way stretch fabric, an elasticated waistband, and on-trend split hems, you&rsquo;re ensured a distraction free workout.</p>\r\n\r\n<p>Featuring laser cut perforation detailing and fused hems, the Perforated Two In One Shorts provide an aesthetic, clean and sleek look. Complete with an inner short to provide full coverage and semi-compression support, the Men&rsquo;s Perforated Two In One Shorts allow you to keep going for longer.</p>\r\n\r\n<p>Finished with reflective Gymshark logo.</p>\r\n\r\n<p>Main: 88% Polyester, 12% Elastane</p>\r\n\r\n<p>Inner Short: 93% Polyester, 7% Elastane</p>\r\n\r\n<p>Model is 6&#39;0&quot; and wears size M</p>', 7, 0, '2018-07-11 09:31:06', '2018-11-19 15:04:09'),
(5, 'NIGHTSHADE PURPLE', 'nightshade-purple', 3, 1, 42, 66, 42, '{\"XS\":\"11\",\"S\":\"10\",\"M\":\"11\",\"L\":\"12\",\"XL\":\"11\",\"2XL\":\"11\"}', 'short_51531301661.jpg', '[\"short_51531301661.1\",\"short_51531301661.2\",\"short_51531301661.3\",\"short_51531301661.4\",\"short_51531301661.5\"]', 'No matter how strenuous the workout, the Men’s Perforated Two in One Shorts are ready to see you through.', '<p>No matter how strenuous the workout, the Men&rsquo;s Perforated Two in One Shorts are ready to see you through. Constructed with 4-way stretch fabric, an elasticated waistband, and on-trend split hems, you&rsquo;re ensured a distraction free workout.</p>\r\n\r\n<p>Featuring laser cut perforation detailing and fused hems, the Perforated Two In One Shorts provide an aesthetic, clean and sleek look. Complete with an inner short to provide full coverage and semi-compression support, the Men&rsquo;s Perforated Two In One Shorts allow you to keep going for longer.</p>\r\n\r\n<p>Finished with reflective Gymshark logo.</p>\r\n\r\n<p>Main: 88% Polyester, 12% Elastane</p>\r\n\r\n<p>Inner Short: 93% Polyester, 7% Elastane</p>\r\n\r\n<p>Model is 6&#39;0&quot; and wears size M</p>', 0, 0, '2018-07-11 09:34:21', '2018-11-19 15:04:09'),
(6, 'BLUE', 'blue', 3, 1, 38, 64, 38, '{\"XS\":\"11\",\"S\":\"10\",\"M\":\"12\",\"L\":\"10\",\"XL\":\"11\",\"2XL\":\"10\"}', 'short_61531301819.3', '[\"short_61531301819.1\",\"short_61531301819.2\",\"short_61531301819.5\",\"short_11531303329.1\",\"short_1-21531303343.jpg\"]', 'Engineered with your comfort in mind, the Atlantic Swim Shorts are the perfect addition to your holiday wardrobe, allowing you to move freely both in and out of the water.', '<p>Engineered with your comfort in mind, the Atlantic Swim Shorts are the perfect addition to your holiday wardrobe, allowing you to move freely both in and out of the water.</p>\r\n\r\n<p>With split hems, an internal mesh lining and draw cord, the Atlantic Swim Shorts are the simple yet essential addition to your holiday wardrobe. Ideal for swimming, or even chilling by the pool.</p>\r\n\r\n<p>Complete with Gymshark logo.</p>\r\n\r\n<p>Main: 100% Polyester.</p>\r\n\r\n<p>Mesh: 90% Polyester, 10% Elastane.</p>\r\n\r\n<p>Model is 5&#39;11&quot; and wears size M</p>', 1, 0, '2018-07-11 09:36:59', '2018-11-19 15:04:09'),
(7, 'CHARCOAL', 'charcoal', 3, 1, 38, 171, 35, '{\"XS\":\"111\",\"S\":\"11\",\"M\":\"10\",\"L\":\"12\",\"XL\":\"13\",\"2XL\":\"14\"}', 'short_7-11531302372.jpg', '[\"short_71531302372.jpg\",\"short_7-21531302372.jpg\",\"short_7-31531302372.jpg\",\"short_7-41531302372.jpg\",\"short_7-51531302372.jpg\"]', 'Engineered with your comfort in mind, the Atlantic Swim Shorts are the perfect addition to your holiday wardrobe, allowing you to move freely both in and out of the water.', '<p>ngineered with your comfort in mind, the Atlantic Swim Shorts are the perfect addition to your holiday wardrobe, allowing you to move freely both in and out of the water.</p>\r\n\r\n<p>With split hems, an internal mesh lining and draw cord, the Atlantic Swim Shorts are the simple yet essential addition to your holiday wardrobe. Ideal for swimming, or even chilling by the pool.</p>\r\n\r\n<p>Complete with Gymshark logo.</p>\r\n\r\n<p>Main: 100% Polyester.</p>\r\n\r\n<p>Mesh: 90% Polyester, 10% Elastane.</p>\r\n\r\n<p>Model is 5&#39;11&quot; and wears size M</p>', 1, 0, '2018-07-11 09:46:12', '2018-11-19 15:04:09'),
(8, 'OZONE SHORTS BLACK', 'ozone-shorts-black', 3, 1, 40, 76, 40, '{\"XS\":\"11\",\"S\":\"11\",\"M\":\"12\",\"L\":\"13\",\"XL\":\"14\",\"2XL\":\"15\"}', 'short_81531302522.3', '[\"short_81531302522.1\",\"short_81531302522.2\",\"short_81531302522.5\",\"short_81531302522.4\",\"short_81531302522.jpg\"]', 'Sleek, stylish and effortlessly cool, the Ozone Shorts combine a classic silhouette with superior design.', '<p>Sleek, stylish and effortlessly cool, the Ozone Shorts combine a classic silhouette with superior design. Boasting a longer length, the Ozone Shorts offer a liberating range of movement whilst providing ultimate comfort and unique style.</p>\r\n\r\n<p>Exposed welt zip pockets to the side and back provide a convenient way to store essentials, whilst adjustable drawcord offers you the perfect, adjustable fit. Complete with branded internal waistband and tonal logo.</p>\r\n\r\n<p>Main: 57% Cotton, 43% Polyester<br />\r\nRib: 100% Nylon<br />\r\nMesh: 100% Polyester</p>\r\n\r\n<p>Model is 5&#39;11&quot; and wears size M</p>', 0, 0, '2018-07-11 09:48:42', '2018-11-19 15:04:09'),
(9, 'OZONE SHORTS PORT', 'ozone-shorts-port', 3, 1, 40, 76, 38, '{\"XS\":\"11\",\"S\":\"11\",\"M\":\"12\",\"L\":\"13\",\"XL\":\"14\",\"2XL\":\"15\"}', 'short_91531302652.jpg', '[\"short_91531302652.2\",\"short_91531302652.1\",\"short_91531302652.3\",\"short_91531302652.4\",\"short_91531302652.5\"]', 'Sleek, stylish and effortlessly cool, the Ozone Shorts combine a classic silhouette with superior design.', '<p>Sleek, stylish and effortlessly cool, the Ozone Shorts combine a classic silhouette with superior design. Boasting a longer length, the Ozone Shorts offer a liberating range of movement whilst providing ultimate comfort and unique style.</p>\r\n\r\n<p>Exposed welt zip pockets to the side and back provide a convenient way to store essentials, whilst adjustable drawcord offers you the perfect, adjustable fit. Complete with branded internal waistband and tonal logo.</p>\r\n\r\n<p>Main: 57% Cotton, 43% Polyester<br />\r\nRib: 100% Nylon<br />\r\nMesh: 100% Polyester</p>\r\n\r\n<p>Model is 5&#39;11&quot; and wears size M</p>', 8, 0, '2018-07-11 09:50:52', '2018-11-19 15:04:09'),
(10, 'CAPITAL SHORTS DEEP TEAL', 'capital-shorts-deep-teal', 3, 1, 34, 146, 34, '{\"XS\":\"1\",\"S\":\"10\",\"M\":\"15\",\"L\":\"20\",\"XL\":\"100\"}', 'short_101531302799.3', '[\"short_101531302799.1\",\"short_101531302799.2\",\"short_101531302799.4\",\"short_101531302799.5\",\"short_101531302799.jpg\"]', 'Designed as part of our lifestyle range, the Capital shorts boast an elasticated waist for the ultimate comfort.', '<p>Designed as part of our lifestyle range, the Capital shorts boast an elasticated waist for the ultimate comfort. An essential that works both in and out of the gym, featuring a fused hem and flat drawcords for a clean aesthetic.</p>\r\n\r\n<p>Concealed zip pockets provide a safe, convenient and subtle way to store essentials whilst training. Complete with Gymshark tab logo and crafted from a soft stretch material blend.</p>\r\n\r\n<p>89% Polyester, 11% Elastane.</p>\r\n\r\n<p>Model is 6&#39;2&quot;and wears size L</p>', 0, 0, '2018-07-11 09:53:19', '2018-11-19 15:04:09'),
(11, 'FREE FLOW SHORTS SLATE LAVENDER', 'free-flow-shorts-slate-lavender', 3, 1, 34, 43, 34, '{\"XS\":10,\"S\":\"11\",\"M\":\"10\",\"L\":\"12\"}', 'short_111531302959.4', '[\"short_111531302959.0\",\"short_111531302959.1\",\"short_111531302959.3\",\"short_111531302959.5\",\"short_111531302959.jpg\"]', 'Constructed from a lightweight perforated fabric, the Free Flow Shorts are engineered for enhanced ventilation and breathability, providing you with a distraction-free workout.', '<p>Constructed from a lightweight perforated fabric, the Free Flow Shorts are engineered for enhanced ventilation and breathability, providing you with a distraction-free workout.</p>\r\n\r\n<p>Designed as part of our lifestyle range, the Free Flow Shorts integrate soft stretch fabric to allow for a full range of movement. Complete with concealed zip pockets to store your essentials safely and cut-out reflective logo.</p>\r\n\r\n<p>48% Polyester, 21% Viscose,13% Pima Cotton, 11% Poly propylene, 7% Nylon.</p>\r\n\r\n<p>Model is 6&#39;2&quot; and wears size L.</p>', 3, 0, '2018-07-11 09:55:59', '2018-11-19 15:04:09'),
(12, 'ARK SHORTS BLACK', 'ark-shorts-black', 3, 1, 26, 60, 26, '{\"XS\":10,\"S\":\"12\",\"M\":\"15\",\"L\":\"11\",\"XL\":\"12\"}', 'short_121531303093.3', '[\"short_121531303093.1\",\"short_121531303093.2\",\"short_121531303093.4\",\"short_121531303093.5\",\"short_121531303093.jpg\"]', 'Taking you back to basics.', '<p>Taking you back to basics. The Ark Shorts have been designed with form and function in mind to provide consistent comfort for both workout and leisure.</p>\r\n\r\n<p>Constructed from lightweight, jersey blend fabric, the Ark Shorts boast a liberating range of movement whilst providing the perfect fit. Working side pockets are concealed for your convenience.</p>\r\n\r\n<p>Completed with raw-edge trim, drawstring waist and Gymshark embroidered shark head logo.</p>\r\n\r\n<p>60% Polyester, 35% Cotton, 5% Elastane.</p>\r\n\r\n<p>Model is 6&#39;4&quot;and wears size L</p>', 2, 0, '2018-07-11 09:58:13', '2018-11-19 15:04:09'),
(13, 'SPORT SHORTS CHARCOAL', 'sport-shorts-charcoal', 3, 1, 26, 60, 26, '{\"XS\":11,\"S\":\"12\",\"M\":12,\"L\":\"10\",\"XL\":\"15\"}', 'short_131531303277.2', '[\"short_131531303277.1\",\"short_131531303277.4\",\"short_131531303277.3\",\"short_131531303277.5\"]', 'Your new go-to shorts for any activity, the Men’s Sport Shorts are truly a wardrobe essential.', '<p>Your new go-to shorts for any activity, the Men&rsquo;s Sport Shorts are truly a wardrobe essential. With mesh panelling for enhanced ventilation, an adjustable waistband and concealed zip pockets for your comfort and convenience.</p>\r\n\r\n<p>The Gymshark Sport Shorts are ready and waiting to take any workout to the next level. Complete with printed Gymshark logo, they&rsquo;re the perfect all-rounder shorts.</p>\r\n\r\n<p>100% Polyester.</p>\r\n\r\n<p>Model is 6&#39;2&quot; and wears size L</p>', 2, 0, '2018-07-11 10:01:17', '2018-11-19 15:04:09'),
(14, 'SPORT SHORT WHITE', 'sport-short-white', 3, 1, 26, 98, 26, '{\"XS\":13,\"S\":13,\"M\":12,\"L\":22,\"XL\":17,\"2XL\":\"21\"}', 'short_141531303524.2', '[\"short_141531307125.1\",\"short_141531307125.3\",\"short_141531307125.4\",\"short_141531307125.5\",\"short_141531307125.jpg\"]', 'Your new go to shorts for any type of activity.', '<p>Your new go to shorts for any type of activity. The Men&#39;s Sports Shorts are a gym bag essential.</p>\r\n\r\n<p>-&nbsp;Adjustable waistband<br />\r\n-&nbsp;Mesh ventilation<br />\r\n-&nbsp;Printed Gymshark logo</p>\r\n\r\n<p>100% Polyester</p>\r\n\r\n<p>Model is 6&#39;2&quot; and wears size L</p>', 0, 0, '2018-07-11 10:05:24', '2018-11-19 15:04:09'),
(15, 'SPORT SHORTS LIGHT GREY', 'sport-shorts-light-grey', 3, 1, 26, 114, 26, '{\"XS\":22,\"S\":25,\"M\":12,\"L\":34,\"XL\":7,\"2XL\":\"14\"}', 'short_151531303662.3', '[\"short_151531307056.1\",\"short_151531307085.2\",\"short_151531307085.4\",\"short_151531307085.5\",\"short_151531307085.jpg\"]', 'Your new go to shorts for any type of activity.', '<p>Your new go to shorts for any type of activity. The Men&#39;s Sports Shorts are a gym bag essential.</p>\r\n\r\n<p>-&nbsp;Adjustable waistband<br />\r\n-&nbsp;Mesh ventilation<br />\r\n-&nbsp;Printed Gymshark logo</p>\r\n\r\n<p>100% Polyester</p>\r\n\r\n<p>Model is 6&#39;2&quot; and wears size L</p>', 53, 0, '2018-07-11 10:07:42', '2018-11-19 15:04:09'),
(16, 'ARK SHORTS PORT', 'ark-shorts-port', 3, 1, 26, 109, 26, '{\"XS\":12,\"S\":29,\"M\":15,\"L\":23,\"XL\":\"30\"}', 'short_161531308080.3', '{\"0\":\"short_161532230439.1\",\"2\":\"short_161532230439.2\",\"3\":\"short_161532230480.4\",\"4\":\"short_161532230480.5\",\"5\":\"short_161532230480.jpg\"}', 'Taking you back to basics.', '<p>king you back to basics. The Ark Shorts have been designed with form and function in mind to provide consistent comfort for both workout and leisure.</p>\r\n\r\n<p>Constructed from lightweight, jersey blend fabric, the Ark Shorts boast a liberating range of movement whilst providing the perfect fit. Working side pockets are concealed for your convenience.</p>\r\n\r\n<p>Completed with raw-edge trim, drawstring waist and Gymshark embroidered shark head logo.</p>\r\n\r\n<p>60% Polyester, 35% Cotton, 5% Elastane.</p>\r\n\r\n<p>Model is 6&#39;4&quot;and wears size L</p>\r\n\r\n<p>.</p>\r\n\r\n<p>.</p>\r\n\r\n<p>.</p>\r\n\r\n<p>.</p>\r\n\r\n<p>.</p>\r\n\r\n<p>.</p>\r\n\r\n<p>.</p>\r\n\r\n<p>.</p>.', 29, 0, '2018-07-11 10:09:28', '2018-11-19 15:04:09'),
(17, 'asqweq', 'asqweq', 0, 1, 12312, 48, 12312, '{\"XS\":\"3\",\"S\":\"45\"}', 'short_2-31532232102.jpg', '{\"0\":\"h2-31532620005.jpg\",\"2\":\"h2-21532620019.jpg\"}', 'qweqweqe', '<p>qweq</p>\r\n\r\n<p>.</p>\r\n\r\n<p>.</p>\r\n\r\n<p>.</p>\r\n\r\n<p>.</p>.', 0, 0, '2018-07-22 04:01:42', '2018-11-19 15:04:09'),
(18, 'Shutcut', 'shutcut', 3, 1, 23, 3, 23, '{\"XS\":\"3\"}', 'cabasa1532351432.jpg', '[\"bibigo1532351432.jpg\"]', '123w', '<p>123123</p>', 2, 0, '2018-07-23 13:10:32', '2018-11-19 15:04:09'),
(19, 'Kem', 'kem', 3, 1, 20, 53, 20, '{\"XS\":\"2\",\"S\":\"51\"}', 'banana21532351705.jpg', '{\"1\":\"bingoi21532351775.jpg\",\"2\":\"carrot1532351785.jpg\"}', 'aeqwe123', '<p>qweqwe</p>\r\n\r\n<p>.</p>.', 0, 0, '2018-07-23 13:13:15', '2018-11-28 03:16:46'),
(20, 'Commercial elliptical machine', 'commercial-elliptical-machine', 9, 1, 150, 12, 20, 'null', 'e11534041552.jpg', 'null', 'hello', '<p>hello</p>.', 91, 0, '2018-07-25 04:06:05', '2018-11-26 14:28:23'),
(21, 'Demoop Fashion Commercial Treadmill', 'demoop-fashion-commercial-treadmill', 9, 1, 200, 20, 200, 'null', 'e21534041665.jpg', 'null', 'great', '<p>strong.</p>', 27, 0, '2018-07-25 04:42:41', '2018-11-27 15:37:31'),
(22, 'cherry', 'cherry', 6, 1, 30, 10, 30, '{\"XS\":\"10\"}', 'b11-21532795434.jpg', 'null', 'ok', '<p>ok</p>', 2, 0, '2018-07-25 07:15:40', '2018-11-19 15:04:09'),
(23, 'HEATHER DUAL BAND SHORTS', 'heather-dual-band-shorts', 4, 1, 34, 0, 34, '{\"XS\":\"0\",\"S\":\"0\",\"M\":\"0\",\"XL\":\"0\",\"2XL\":\"0\"}', 'short-31532575111.jpg', '[\"short-11532575111.jpg\",\"short-21532575111.jpg\",\"short-41532575111.jpg\",\"short-51532575111.jpg\",\"short-61532575111.jpg\"]', 'Designed as part of our lifestyle collection, the Heather Dual Band Shorts boast a classic, relaxed fit with split hem design for ultimate comfort.', '<p>Designed as part of our lifestyle collection, the Heather Dual Band Shorts boast a classic, relaxed fit with split hem design for ultimate comfort. Concealed pockets offer an easy, safe way to store essentials on the move, whilst a dual waistband provides customisable support to help you find the perfect fit.</p>\r\n\r\n<p>Focusing on detail, the Heather Dual Band Shorts are crafted from ultra-soft French Terry fabric for consistent comfort that lasts all day.</p>\r\n\r\n<p>Finished with woven tag logo.</p>\r\n\r\n<p>Main: 78% Cotton, 22% Polyester</p>\r\n\r\n<p>Pocket Bag: 69% Polyester, 31% Cotton</p>\r\n\r\n<p>Model is 5&#39;6&quot; and wears size XS</p>', 0, 0, '2018-07-26 03:18:31', '2018-11-19 15:04:09'),
(24, 'HEATHER DUAL BAND SHORTS', 'heather-dual-band-shorts', 4, 1, 34, 46, 34, '{\"XS\":7,\"S\":\"5\",\"M\":\"12\",\"L\":\"11\",\"XL\":\"11\"}', 'short2-41532575224.jpg', '[\"short2-11532575224.jpg\",\"short2-21532575224.jpg\",\"short2-31532575224.jpg\",\"short2-51532575224.jpg\",\"short2-61532575224.jpg\"]', 'Designed as part of our lifestyle collection, the Heather Dual Band Shorts boast a classic, relaxed fit with split hem design for ultimate comfort.', '<p>Designed as part of our lifestyle collection, the Heather Dual Band Shorts boast a classic, relaxed fit with split hem design for ultimate comfort. Concealed pockets offer an easy, safe way to store essentials on the move, whilst a dual waistband provides customisable support to help you find the perfect fit.</p>\r\n\r\n<p>Focusing on detail, the Heather Dual Band Shorts are crafted from ultra-soft French Terry fabric for consistent comfort that lasts all day.</p>\r\n\r\n<p>Finished with woven tag logo.</p>\r\n\r\n<p>Main: 78% Cotton, 22% Polyester</p>\r\n\r\n<p>Pocket Bag: 69% Polyester, 31% Cotton</p>\r\n\r\n<p>Model is 5&#39;6&quot; and wears size XS</p>', 0, 0, '2018-07-26 03:20:24', '2018-11-19 15:04:09'),
(25, 'FLEX SHORTS BLACK MARL/CHARCOAL', 'flex-shorts-black-marlcharcoal', 4, 1, 34, 33, 34, '{\"XS\":0,\"S\":10,\"M\":0,\"XL\":\"12\",\"2XL\":\"11\"}', 'short3-41532575338.jpg', '[\"short3-11532575338.jpg\",\"short3-21532575338.jpg\",\"short3-31532575338.jpg\",\"short3-51532575338.jpg\",\"short3-61532575338.jpg\"]', 'Combining our signature seamless knit with superior, sculpting design.', '<p>Combining our signature seamless knit with superior, sculpting design. The Flex Shorts boast moisture-wicking technology and form flattering contour shading woven into sumptuously soft fabric.</p>\r\n\r\n<p>Jacquard elasticated mid-rise waistband offers non-slip support, whilst soft stretch breathable fabric guarantees ease of movement. Style with the Flex Crop Top for an outfit engineered to perform.</p>\r\n\r\n<p>56% Nylon, 41% Polyester, 3% Elastane.</p>\r\n\r\n<p>Model is 5&rsquo;9&rsquo;&rsquo; and wears size S</p>', 1, 0, '2018-07-26 03:22:18', '2018-11-28 03:03:42'),
(26, 'FLEX SHORTS LIGHT GREY MARL/PALE TURQUOISE', 'flex-shorts-light-grey-marlpale-turquoise', 4, 1, 34, 57, 34, '{\"XS\":\"10\",\"S\":\"12\",\"M\":\"15\",\"L\":\"10\",\"XL\":\"10\"}', 'short4-41532575451.jpg', '[\"short4-11532575451.jpg\",\"short4-21532575451.jpg\",\"short4-31532575451.jpg\",\"short4-51532575451.jpg\",\"short4-61532575451.jpg\"]', 'Combining our signature seamless knit with superior, sculpting design.', '<p>Combining our signature seamless knit with superior, sculpting design. The Flex Shorts boast moisture-wicking technology and form flattering contour shading woven into sumptuously soft fabric.</p>\r\n\r\n<p>Jacquard elasticated mid-rise waistband offers non-slip support, whilst soft stretch breathable fabric guarantees ease of movement. Style with the Flex Crop Top for an outfit engineered to perform.</p>\r\n\r\n<p>56% Nylon, 41% Polyester, 3% Elastane.</p>\r\n\r\n<p>Model is 5&rsquo;9&rsquo;&rsquo; and wears size S</p>', 2, 0, '2018-07-26 03:24:11', '2018-11-19 15:04:09'),
(27, 'FIT SHORTS CHARCOAL/CHALK PINK', 'fit-shorts-charcoalchalk-pink', 4, 1, 26, 48, 26, '{\"XS\":11,\"S\":\"12\",\"M\":\"13\",\"L\":\"12\"}', 'short5-41532575551.jpg', '[\"short5-11532575551.jpg\",\"short5-21532575551.jpg\",\"short5-31532575551.jpg\"]', 'Your favourite Fit Leggings made in to your new favourite shorts.', '<p>Your favourite Fit Leggings made in to your new favourite shorts. Designed with the same soft blend material, to provide that stretchy, supple fit.</p>\r\n\r\n<p>-&nbsp;Elasticated printed waistband</p>\r\n\r\n<p>-&nbsp;4-way stretch fit</p>\r\n\r\n<p>&nbsp;</p>\r\n\r\n<p>80% Nylon, 20% Elastane</p>\r\n\r\n<p><br />\r\nModel is 5&#39;10&quot; and wears size S</p>', 2, 0, '2018-07-26 03:25:51', '2018-11-26 23:57:34'),
(28, 'DREAMY HIGH WAISTED SHORTS BEET', 'dreamy-high-waisted-shorts-beet', 4, 1, 30, 59, 30, '{\"XS\":13,\"S\":\"13\",\"M\":\"12\",\"L\":\"11\",\"XL\":\"10\"}', 'short6-41532575680.jpg', '[\"short6-11532575680.jpg\",\"short6-21532575680.jpg\",\"short6-31532575680.jpg\",\"short6-51532575680.jpg\",\"short6-61532575680.jpg\"]', 'Your favourite leggings, are now your favourite shorts.', '<p>Your favourite leggings, are now your favourite shorts. The Women&#39;s Dreamy High Waisted Shorts are not only physique flattering, but sumptuously soft.</p>\r\n\r\n<p>-Printed logo <br />\r\n-Hidden pocket along waistband  <br />\r\n-Soft material blend</p>\r\n\r\n<p>&nbsp;83% Polyester 17% Elastane</p>\r\n\r\n<p>Model is 5&#39;10&quot; and wears size S</p>', 6, 0, '2018-07-26 03:28:00', '2018-11-26 23:57:34'),
(29, 'TEXTURED CYCLING SHORTS BLACK', 'textured-cycling-shorts-black', 4, 1, 34, 61, 34, '{\"XS\":13,\"S\":\"10\",\"M\":\"12\",\"L\":\"14\",\"XL\":\"12\"}', 'short7-41532575818.jpg', '[\"short7-11532575818.jpg\",\"short7-21532575818.jpg\",\"short7-31532575818.jpg\",\"short7-51532575818.jpg\",\"short7-61532575818.jpg\"]', 'With dual-toned panelling and flattering high waisted fit, the women’s Textured Cycling Shorts are a new breed of Gymshark performance wear.', '<p>With dual-toned panelling and flattering high waisted fit, the women&rsquo;s Textured Cycling Shorts are a new breed of Gymshark performance wear. Soft stretch fabric guarantees freedom of movement and lasting comfort during your workout.</p>\r\n\r\n<p>DRY moisture management technology wicks sweat from the skin, keeping you focused on what&rsquo;s important. Complete with working side pockets, glute-enhancing seams and printed Gymshark logo.</p>\r\n\r\n<p>Flat colour: 88% Nylon, 12% Elastane.</p>\r\n\r\n<p>Marl: 46% Nylon, 41% Polyester, 13% Elastane.</p>\r\n\r\n<p>Model is 5&rsquo;10&rsquo;&rsquo; and wears size S.</p>', 0, 0, '2018-07-26 03:30:18', '2018-11-26 14:33:35'),
(30, 'FIT SHORTS BLACK/WHITE', 'fit-shorts-blackwhite', 4, 1, 26, 54, 26, '{\"XS\":10,\"S\":\"10\",\"M\":\"11\",\"L\":\"12\",\"XL\":\"11\"}', 'short8-41532575934.jpg', '[\"short8-11532575934.jpg\",\"short8-21532575934.jpg\",\"short8-31532575934.jpg\",\"short8-51532575934.jpg\",\"short8-61532575934.jpg\"]', 'Your favourite Fit Leggings made in to your new favourite shorts.', '<p>Your favourite Fit Leggings made in to your new favourite shorts. Designed with the same soft blend material, to provide that stretchy, supple fit.</p>\r\n\r\n<p>-&nbsp;Elasticated printed waistband</p>\r\n\r\n<p>-&nbsp;4-way stretch fit</p>\r\n\r\n<p>&nbsp;</p>\r\n\r\n<p>80% Nylon, 20% Elastane</p>\r\n\r\n<p><br />\r\nModel is 5&#39;10&quot; and wears size S</p>', 1, 0, '2018-07-26 03:32:14', '2018-11-19 15:04:09'),
(31, 'RUNNING SHORTS KHAKI', 'running-shorts-khaki', 4, 1, 34, 56, 34, '{\"XS\":\"12\",\"S\":\"10\",\"M\":\"11\",\"L\":\"12\",\"XL\":\"11\"}', 'short9-51532576061.jpg', '[\"short9-11532576061.jpg\",\"short9-21532576061.jpg\",\"short9-31532576061.jpg\",\"short9-41532576061.jpg\",\"short9-71532576061.jpg\"]', 'Stay cool and collected, no matter how intense the run.', '<p>Stay cool and collected, no matter how intense the run. Designed with a relaxed, lightweight material, the Running Shorts provide superior comfort and optimum ventilation to ensure a distraction free workout.</p>\r\n\r\n<p>Boasting a detailed elasticated waistband, the Women&rsquo;s Running Shorts are designed to keep up with you.</p>\r\n\r\n<p>Complete with a concealed pocket to store all of your essentials and reflective Gymshark logo.</p>\r\n\r\n<p>Main: 88% Polyester, 12% Elastane.</p>\r\n\r\n<p>Mesh: 89% Polyester, 11% Elastane.</p>\r\n\r\n<p>Model 5&#39;8&quot; and wears a S</p>', 0, 0, '2018-07-26 03:34:21', '2018-11-19 15:04:09'),
(32, 'DREAMY HIGH WAISTED SHORTS KHAKI', 'dreamy-high-waisted-shorts-khaki', 4, 1, 30, 49, 30, '{\"XS\":\"13\",\"S\":\"12\",\"M\":\"12\",\"L\":\"12\"}', 'short10-31532576192.jpg', '[\"short10-21532576192.jpg\",\"short10-11532576192.jpg\",\"short10-41532576192.jpg\",\"short10-51532576192.jpg\",\"short10-61532576192.jpg\"]', 'So soft, you’ll think it’s a dream.', '<p>A sleek and subtle concealed pocket along the waistband is ideal for storing essentials whilst its form-flattering, high waisted fit guarantees effortless wear.</p>\r\n\r\n<p>Complete with Gymshark printed logo.</p>\r\n\r\n<p>83% Polyester 17% Elastane.</p>\r\n\r\n<p>Model is 5&#39;5&quot; and wears size XS</p>', 0, 0, '2018-07-26 03:36:32', '2018-11-19 15:04:09'),
(33, 'DREAMY HIGH WAISTED SHORTS  BLACK', 'dreamy-high-waisted-shorts--black', 4, 1, 30, 52, 30, '{\"XS\":7,\"S\":\"12\",\"M\":\"10\",\"L\":\"11\",\"XL\":\"12\"}', 'short11-41532576317.jpg', '[\"short12=21532576317.jpg\",\"short11-11532576317.jpg\",\"short11-31532576317.jpg\",\"short11-51532576317.jpg\",\"short11-61532576317.jpg\"]', 'So soft, you’ll think it’s a dream.', '<p>So soft, you&rsquo;ll think it&rsquo;s a dream. Designed with ultimate comfort in mind, the Dreamy High Waisted Shorts have been created with our softest material blend yet to ensure an irritation-free workout.</p>\r\n\r\n<p>A sleek and subtle concealed pocket along the waistband is ideal for storing essentials whilst it&rsquo;s form-flattering, high waisted fit guarantees effortless wear.</p>\r\n\r\n<p>Complete with Gymshark printed logo.</p>\r\n\r\n<p>70% Polyester 30% Elastane.</p>\r\n\r\n<p>Model 5&#39;10&quot; and wears a S</p>', 0, 0, '2018-07-26 03:38:37', '2018-11-19 15:04:09'),
(34, 'DREAMY HIGH WAISTED SHORTS', 'dreamy-high-waisted-shorts', 0, 1, 30, 135, 30, '{\"XS\":12,\"S\":\"111\",\"M\":\"12\"}', 'short12-41532576449.jpg', '[\"short12-11532576449.jpg\",\"short12-21532576449.jpg\",\"short12-31532576449.jpg\",\"short12-51532576449.jpg\",\"short12-61532576449.jpg\"]', 'So soft, you’ll think it’s a dream.', '<p>So soft, you&rsquo;ll think it&rsquo;s a dream. Designed with ultimate comfort in mind, the Dreamy High Waisted Shorts have been created with our softest material blend yet to ensure an irritation-free workout.</p>\r\n\r\n<p>A sleek and subtle concealed pocket along the waistband is ideal for storing essentials whilst it&rsquo;s form-flattering, high waisted fit guarantees effortless wear.</p>\r\n\r\n<p>Complete with Gymshark printed logo.</p>\r\n\r\n<p>70% Polyester 30% Elastane.</p>\r\n\r\n<p>Model 5&#39;10&quot; and wears a S</p>.', 1, 0, '2018-07-26 03:40:49', '2018-11-19 15:04:09'),
(35, 'RUNNING SHORTS BLACK', 'running-shorts-black', 0, 1, 34, 81, 34, '{\"XS\":\"15\",\"S\":\"21\",\"M\":\"22\",\"L\":\"12\",\"XL\":\"11\"}', 'short13-41532576677.jpg', '[\"short13-11532576677.jpg\",\"short13-21532576677.jpg\",\"short13-31532576677.jpg\",\"short13-51532576677.jpg\",\"short13-61532576677.jpg\"]', 'Enhance your run with the Women\'s Running Shorts.', '<p>Enhance your run with the Women&#39;s Running Shorts. Enjoy the lightweight and ventilated feel, perfect at any speed.</p>\r\n\r\n<p>- Small pocket along waistband&nbsp;<br />\r\n- Gymshark embossed performance waistband&nbsp;<br />\r\n- Mesh inserts&nbsp;<br />\r\n<br />\r\n88% Polyester 12% Elastane Mesh- 89% Polyester 11% Elastane</p>\r\n\r\n<p>Model 5&#39;11&quot; and wears a S</p>', 0, 0, '2018-07-26 03:44:37', '2018-11-19 15:04:09'),
(36, 'PRINCIPLE BOTTOMS BLACK', 'principle-bottoms-black', 10, 1, 44, 25, 44, '{\"XS\":\"12\",\"S\":\"1\",\"M\":\"12\"}', 'b1-41532577023.jpg', '[\"b1-11532577023.jpg\",\"b1-21532577023.jpg\",\"b1-31532577023.jpg\",\"b1-51532577023.jpg\",\"b1-61532577023.jpg\"]', 'The ultimate in functional, minimalistic design.', '<p>The ultimate in functional, minimalistic design.<br />\r\n<br />\r\nIts design is simple - a tapered fit that&#39;s made to move with you. Featuring concealed poclets for a sleek aesthetic and drawcord for an adjustable fit, the Principle Bottoms are an essential.<br />\r\n<br />\r\nConstructed from soft and supple fabric blends, the Principle Bottoms offer unparalleled comfort during your workout.<br />\r\n<br />\r\nMain: 70% Cotton, 30% Polyester.<br />\r\nPocket Bag: 69% Polyester, 31% Cotton.<br />\r\nRib: 97% Cotton, 3% Elastane.</p>\r\n\r\n<p>Model is 6&#39;0&quot; and wears size M</p>.', 0, 0, '2018-07-26 03:50:23', '2018-11-19 15:04:09'),
(37, 'PRINCIPLE BOTTOMS CLEAR WATER', 'principle-bottoms-clear-water', 10, 1, 44, 80, 44, '{\"XS\":\"21\",\"S\":\"22\",\"M\":\"12\",\"L\":\"13\",\"XL\":\"12\"}', 'b15-41532577127.jpg', '[\"b15-11532577127.jpg\",\"b15-21532577127.jpg\",\"b15-31532577127.jpg\",\"b15-51532577127.jpg\",\"b15-61532577127.jpg\"]', 'The ultimate in functional, minimalistic design.', '<p>The ultimate in functional, minimalistic design.<br />\r\n<br />\r\nIts design is simple - a tapered fit that&#39;s made to move with you. Featuring concealed poclets for a sleek aesthetic and drawcord for an adjustable fit, the Principle Bottoms are an essential.<br />\r\n<br />\r\nConstructed from soft and supple fabric blends, the Principle Bottoms offer unparalleled comfort during your workout.<br />\r\n<br />\r\nMain: 70% Cotton, 30% Polyester.<br />\r\nPocket Bag: 69% Polyester, 31% Cotton.<br />\r\nRib: 97% Cotton, 3% Elastane.</p>\r\n\r\n<p>Model is 6&#39;0&quot; and wears size M</p>.', 0, 0, '2018-07-26 03:52:07', '2018-11-19 15:04:09'),
(38, 'TAPERED BOTTOMS BLACK', 'tapered-bottoms-black', 10, 1, 48, 51, 48, '{\"XS\":\"12\",\"S\":\"13\",\"M\":\"12\",\"L\":\"14\"}', 'b14-41532577235.jpg', '[\"b14-11532577235.jpg\",\"b14-21532577235.jpg\",\"b14-31532577235.jpg\",\"b14-51532577235.jpg\"]', 'A true Gymshark original, boasting a refined and effortless design.', '<p>A true Gymshark original, boasting a refined and effortless design.</p>\r\n\r\n<p>Constructed from soft stretch, cotton blend fabric, the Tapered Bottoms boast a liberating range of movement, whilst providing the perfect fit. Tailored for a subtle, relaxed fit, the Tapered Bottoms accentuate your physique effortlessly.</p>\r\n\r\n<p>With adjustable drawcord waistband, concealed zip pockets and classic Gymshark printed logo, you&rsquo;re covered from your toughest training day to your most chilled rest day.</p>\r\n\r\n<p>50% Polyester, 43% Cotton, 7% Elastane.</p>\r\n\r\n<p>Model is 6&#39;2&quot; and wears size L</p>', 1, 0, '2018-07-26 03:53:55', '2018-11-28 03:57:03'),
(39, 'TAPERED BOTTOMS CHARCOAL MARL', 'tapered-bottoms-charcoal-marl', 10, 1, 44, 168, 44, '{\"XS\":\"12\",\"S\":\"21\",\"L\":\"12\",\"M\":\"111\",\"XL\":\"12\"}', 'b13-41532577410.jpg', '[\"b13-11532577410.jpg\",\"b13-21532577410.jpg\",\"b13-31532577410.jpg\",\"b13-51532577410.jpg\",\"b13-61532577410.jpg\"]', 'A true Gymshark original, boasting a refined and effortless design.', '<p>A true Gymshark original, boasting a refined and effortless design.</p>\r\n\r\n<p>Constructed from soft stretch, cotton blend fabric, the Tapered Bottoms boast a liberating range of movement, whilst providing the perfect fit. Tailored for a subtle, relaxed fit, the Tapered Bottoms accentuate your physique effortlessly.</p>\r\n\r\n<p>With adjustable drawcord waistband, concealed zip pockets and classic Gymshark printed logo, you&rsquo;re covered from your toughest training day to your most chilled rest day.</p>\r\n\r\n<p>50% Polyester, 43% Cotton, 7% Elastane.</p>\r\n\r\n<p>Model is 6&#39;2&quot; and wears size L</p>', 0, 0, '2018-07-26 03:56:50', '2018-11-28 03:57:03'),
(40, 'OZONE BOTTOMS', 'ozone-bottoms', 10, 1, 50, 172, 50, '{\"XS\":\"12\",\"S\":\"12\",\"M\":\"13\",\"L\":\"12\",\"XL\":\"123\"}', 'b12-41532577489.jpg', '[\"b12-11532577489.jpg\",\"b12-21532577489.jpg\",\"b12-31532577489.jpg\",\"b12-51532577489.jpg\",\"b12-61532577489.jpg\"]', 'Sleek, stylish and effortlessly cool, the Ozone Bottoms combine a classic silhouette with superior design.', '<p>Sleek, stylish and effortlessly cool, the Ozone Bottoms combine a classic silhouette with superior design. With part elasticated cuffs and ribbed detailing to the back of the knee, the Ozone Bottoms offer ultimate comfort and unique style.</p>\r\n\r\n<p>Exposed welt zip pockets to the side and back provide a convenient way to store essentials, whilst adjustable drawcord offers you the perfect, adjustable fit. Complete with branded internal waistband and tonal logo.</p>\r\n\r\n<p>Main: 57% Cotton, 43% Polyester<br />\r\nRib: 100% Nylon<br />\r\nMesh: 100% Polyester</p>\r\n\r\n<p>Model is 5&#39;11&quot; and wears size M</p>', 0, 0, '2018-07-26 03:58:09', '2018-11-28 03:57:03'),
(41, 'OZONE BOTTOMS PORT', 'ozone-bottoms-port', 0, 1, 50, 67, 50, '{\"XS\":\"12\",\"S\":\"11\",\"M\":\"22\",\"L\":\"22\"}', 'b11-11532577575.jpg', '[\"b11-21532577575.jpg\",\"b11-31532577575.jpg\",\"b11-41532577575.jpg\",\"b11-51532577575.jpg\",\"b11-61532577575.jpg\"]', 'Sleek, stylish and effortlessly cool, the Ozone Bottoms combine a classic silhouette with superior design.', '<p>Sleek, stylish and effortlessly cool, the Ozone Bottoms combine a classic silhouette with superior design. With part elasticated cuffs and ribbed detailing to the back of the knee, the Ozone Bottoms offer ultimate comfort and unique style.</p>\r\n\r\n<p>Exposed welt zip pockets to the side and back provide a convenient way to store essentials, whilst adjustable drawcord offers you the perfect, adjustable fit. Complete with branded internal waistband and tonal logo.</p>\r\n\r\n<p>Main: 57% Cotton, 43% Polyester<br />\r\nRib: 100% Nylon<br />\r\nMesh: 100% Polyester</p>', 0, 0, '2018-07-26 03:59:35', '2018-11-19 15:04:09'),
(42, 'GRAVITY BOTTOMS CHARCOAL/NIGHTSHADE PURPLE', 'gravity-bottoms-charcoalnightshade-purple', 10, 1, 52, 93, 52, '{\"XS\":12,\"S\":22,\"M\":12,\"L\":\"12\",\"XL\":13,\"key\":17}', 'b10-41532577679.jpg', '[\"b10-11532577679.jpg\",\"b10-21532577679.jpg\",\"b10-51532577679.jpg\",\"b10-31532577679.jpg\",\"b10-61532577679.jpg\"]', 'Designed with your performance in mind, the Gravity Bottoms are sleek, lightweight and form-fitting.', '<p>Designed with your performance in mind, the Gravity Bottoms are sleek, lightweight and form-fitting. Featuring two-tone panel design and crafted from super soft stretch fabric.</p>\r\n\r\n<p>Zip pockets provide a safe convenient way to store essentials, whether you&rsquo;re working out or taking a rest day. Complete with flat printed draw cords and a reflective Gymshark logo.</p>\r\n\r\n<p>91% Polyester, 9% Elastane.</p>\r\n\r\n<p>Model is 6&#39;0&quot; and wears size S</p>', 15, 0, '2018-07-26 04:01:19', '2018-11-28 03:57:03'),
(43, 'ENLIGHTEN BOTTOMS LIGHT GREY', 'enlighten-bottoms-light-grey', 10, 1, 48, 69, 48, '{\"XS\":\"12\",\"S\":\"3\",\"M\":\"12\",\"L\":\"21\",\"XL\":\"21\"}', 'b9-41532577795.jpg', '[\"b9-31532577795.jpg\",\"b9-21532577795.jpg\",\"b9-11532577795.jpg\",\"b9-51532577795.jpg\",\"b9-61532577795.jpg\"]', 'Keep it lightweight in the Enlighten Bottoms, featuring cuffed hems for a comfortable, secure fit.', '<p>Keep it lightweight in the Enlighten Bottoms, featuring cuffed hems for a comfortable, secure fit. Concealed zip pockets provide a sleek, subtle way to store essentials.</p>\r\n\r\n<p>Super soft fabric sits smooth on the skin, offering all day comfort that lasts. Complete with classic printed logo, they pair perfectly with the Enlighten Zip Up Hoodie.</p>\r\n\r\n<p>79% Viscose, 17% Polyester, 4% Elastane.</p>\r\n\r\n<p>Model is 6&#39;0&quot; and wears size S</p>', 2, 0, '2018-07-26 04:03:15', '2018-11-28 03:57:03'),
(44, 'FIT TAPERED BOTTOMS BLACK', 'fit-tapered-bottoms-black', 10, 1, 48, 76, 48, '{\"XS\":\"21\",\"S\":\"12\",\"M\":\"31\",\"L\":\"12\"}', 'b8-41532577889.jpg', '[\"b7-21532577889.jpg\",\"b8-31532577889.jpg\",\"b8-11532577889.jpg\",\"b8-51532577889.jpg\",\"b8-61532577889.jpg\"]', 'A true Gymshark original, boasting a refined and effortless design.', '<p>A true Gymshark original, boasting a refined and effortless design.</p>\r\n\r\n<p>Constructed from soft stretch, cotton blend fabric, the Fit Tapered Bottoms boast a liberating range of movement, whilst providing the perfect fit. Tailored for a subtle, relaxed fit, the Fit Tapered Bottoms accentuate your physique effortlessly.</p>\r\n\r\n<p>With adjustable drawcord waistband, concealed zip pockets and classic Gymshark printed logo, you&rsquo;re covered from your toughest training day to your most chilled rest day.</p>\r\n\r\n<p>50% Polyester, 43% Cotton, 7% Elastane.</p>\r\n\r\n<p>Model is 6&#39;2&quot; and wears size L</p>', 2, 0, '2018-07-26 04:04:49', '2018-11-28 03:57:03'),
(45, 'ONYX IMPERIAL LONG SLEEVE HOODED TOP BLACK', 'onyx-imperial-long-sleeve-hooded-top-black', 11, 1, 60, 24, 60, '{\"XS\":\"12\",\"S\":\"11\",\"M\":\"1\"}', 'h10-41532578257.jpg', '[\"h10-31532578257.jpg\",\"h10-21532578257.jpg\",\"h10-11532578257.jpg\",\"h10-51532578257.jpg\",\"h10-61532578257.jpg\",\"apple215426428821543375077.jpg\"]', 'Embrace the darkness - introducing the Onyx Imperial.', '<p>Embrace the darkness - introducing the Onyx Imperial.</p>\r\n\r\n<p>The Onyx Imperial Hooded Top acts as a second-skin for you whilst you train. Premium, lightweight soft-stretch fabric offers flexibility, support and confidence for improved performance.</p>\r\n\r\n<p>Engineered with our signature Seamless technology, the hooded top is designed to flatter and enhance specific muscle groups, accentuating your physique with unique fabric shading and supportive stretch.</p>\r\n\r\n<p>Complete with raised rubber logo, central quarter zip and three-piece hood.</p>\r\n\r\n<p>70% Polyester, 24% Nylon, 6% Elastane.</p>\r\n\r\n<p>Model is 6&#39;2&quot; and wears size L</p>', 4, 0, '2018-07-26 04:10:57', '2018-11-28 03:57:03'),
(46, 'DEGREE PULLOVER LIGHT GREY', 'degree-pullover-light-grey', 11, 1, 50, 24, 50, '{\"S\":9,\"XL\":\"10\",\"2XL\":\"5\"}', 'h9-31532578355.jpg', '[\"h9-21532578355.jpg\",\"h9-11532578355.jpg\",\"h9-51532578355.jpg\",\"h9-61532578355.jpg\",\"h9-41532578355.jpg\"]', 'Fully fleeced with your comfort in mind, the Gymshark Degree Pullover delivers where your average pullover doesn’t.', '<p>Fully fleeced with your comfort in mind, the Gymshark Degree Pullover delivers where your average pullover doesn&rsquo;t. Providing exceptional comfort like no other, it&rsquo;s your must-have winter companion.</p>\r\n\r\n<p>Super soft, lightweight and warm, the Degree Pullover offers protection from the cold front. With an exaggerated crossover neck, 3-piece hood and full fleece lining, it&rsquo;s the perfect pullover for all-day easy wear. Complete with concealed zip pockets and woven logo tab.</p>\r\n\r\n<p>100% Polyester.</p>\r\n\r\n<p>Model is 6&#39;4&quot; and wears size L.</p>', 0, 0, '2018-07-26 04:12:35', '2018-11-28 03:57:03'),
(47, 'GHOST 1/4 ZIP PULLOVER BLACK MARL', 'ghost-14-zip-pullover-black-marl', 11, 1, 45, 36, 42, '{\"XS\":\"12\",\"S\":\"12\",\"M\":\"12\"}', 'h8-41532578439.jpg', '[\"h8-21532578439.jpg\",\"h8-31532578439.jpg\",\"h8-11532578439.jpg\",\"h8-51532578439.jpg\",\"h8-61532578439.jpg\"]', 'Lightweight, breathable and performance-enhancing.', '<p>Lightweight, breathable and performance-enhancing. The men&rsquo;s Ghost 1/4 Zip Pullover is designed with your workout in mind, boasting breathable fabric with sweat-wicking capabilities to keep you ever cool and dry.</p>\r\n\r\n<p>Perforated back panel provides targeted ventilation, whilst DRY moisture management ensures a cool and comfortable workout. Complete with printed Gymshark logo and 1/4 zip funnel neck</p>\r\n\r\n<p>65% Nylon, 35% Polyester.</p>\r\n\r\n<p>Model is 6&#39;2&quot; and wears size L</p>', 0, 0, '2018-07-26 04:13:59', '2018-11-28 03:57:03'),
(48, 'CREST HOODIE BLACK', 'crest-hoodie-black', 11, 1, 40, 47, 40, '{\"2XL\":\"12\",\"S\":\"23\",\"L\":\"12\"}', 'h7-41532578523.jpg', '[\"h7-11532578523.jpg\",\"h7-21532578523.jpg\",\"h7-31532578523.jpg\",\"h7-51532578523.jpg\",\"h7-61532578523.jpg\"]', 'The Gymshark Crest Hoodie is the perfect cover up as the weather turns cooler.', '<p>The&nbsp;Gymshark&nbsp;Crest Hoodie&nbsp;is the perfect cover up as the weather turns cooler. Made from a warm cotton blend fabric with super soft interior, it&#39;s perfect for keeping warm pre or post workout.</p>\r\n\r\n<p>- Discreet Gymshark logo detail<br />\r\n- Lined hood with drawstring cord<br />\r\n- Kangaroo pocket</p>\r\n\r\n<p>60% Cotton, 40% Polyester</p>\r\n\r\n<p>Model is 6&#39;4&quot; and wears size L</p>.', 0, 0, '2018-07-26 04:15:23', '2018-11-28 03:57:03'),
(49, 'FITNESS HOODIE', 'fitness-hoodie', 11, 1, 40, 65, 40, '{\"XS\":\"12\",\"S\":\"32\",\"M\":\"21\"}', 'h6-41532578608.jpg', '[\"h6-31532578608.jpg\",\"h6-21532578608.jpg\",\"h6-11532578608.jpg\",\"h6-51532578608.jpg\",\"h6-61532578608.jpg\"]', 'The Gymshark Fitness Pullover, one of our original and best-loved designs, is an all-seasons, all-hours pullover.', '<p>The Gymshark Fitness Pullover, one of our original and best-loved designs, is an all-seasons, all-hours pullover.</p>\r\n\r\n<p>- Fleece lined<br />\r\n- Deep front pockets<br />\r\n- Stretch fit</p>\r\n\r\n<p>60% Polyester, 40% Cotton</p>\r\n\r\n<p>Model is 6&rsquo;2&rdquo; and wears size L</p>.', 0, 0, '2018-07-26 04:16:48', '2018-11-28 03:57:03'),
(50, 'GRAVITY TRACK TOP CHARCOAL/NIGHTSHADE PURPLE', 'gravity-track-top-charcoalnightshade-purple', 11, 1, 60, 53, 60, '{\"L\":11,\"M\":10,\"XL\":\"12\",\"key\":15}', 'h5-41532578702.jpg', '[\"h5-31532578702.jpg\",\"h5-21532578702.jpg\",\"h5-11532578702.jpg\",\"h5-51532578702.jpg\",\"h5-61532578702.jpg\"]', 'Designed with your performance in mind, the Gravity Track Top is sleek, lightweight and form-fitting.', '<p>Designed with your performance in mind, the Gravity Track Top is sleek, lightweight and form-fitting. Featuring fused seams and hem, concealed zip pockets and a funnel neck, it looks as good as it performs.</p>\r\n\r\n<p>Raglan sleeves allow for unrestricted movements, ensuring lasting comfort. Complete with two-tone underarm panelling and a reflective Gymshark logo.</p>\r\n\r\n<p>88% Nylon, 12% Elastane.</p>\r\n\r\n<p>Model is 6&#39;0&quot; and wears size S</p>', 13, 0, '2018-07-26 04:18:22', '2018-11-28 03:57:03'),
(51, 'OVERSIZED SWEATER PASTEL GREEN', 'oversized-sweater-pastel-green', 11, 1, 45, 34, 45, '{\"S\":\"12\",\"M\":\"10\",\"L\":\"12\"}', 'h4-41532578812.jpg', '[\"h4-31532578812.jpg\",\"h4-21532578812.jpg\",\"h4-11532578812.jpg\",\"h4-51532578812.jpg\"]', 'Unlike our signature stretch fit, the Gymshark Oversized Sweater gives you that extra room we know you need from time to time.', '<p>Unlike our signature stretch fit, the Gymshark Oversized Sweater gives you that extra room we know you need from time to time. Throw on with your favourite Gymshark bottoms for an unbeatable comfort, subtle style and the perfect training day combo.</p>\r\n\r\n<p>Complete with subtle tonal logo and longer length fit, the Oversized Sweater is a must-have.</p>\r\n\r\n<p>71% Cotton, 29% Polyester.</p>\r\n\r\n<p>Model is 6&#39;1&quot; and wears size M</p>', 0, 0, '2018-07-26 04:20:12', '2018-11-28 03:57:03'),
(52, 'OVERSIZED HOODIE PORT', 'oversized-hoodie-port', 11, 1, 45, 32, 45, '{\"XS\":7,\"S\":\"12\",\"M\":\"13\"}', 'h3-41532578921.jpg', '[\"h3-31532578921.jpg\",\"h3-21532578921.jpg\",\"h3-11532578921.jpg\",\"h3-51532578921.jpg\",\"h3-61532578921.jpg\"]', 'Carefully crafted with an incredibly soft cotton blend fabric and an oversized relaxed fit, the Gymshark Oversized Hoodie is a wardrobe essential.', '<p>Carefully crafted with an incredibly soft cotton blend fabric and an oversized relaxed fit, the Gymshark Oversized Hoodie is a wardrobe essential.</p>\r\n\r\n<p>-Relaxed fit<br />\r\n-Tonal embroidered logo<br />\r\n-Longer length</p>\r\n\r\n<p>&nbsp;67% Cotton, 33% Polyester.</p>\r\n\r\n<p>Model is 6&rsquo;2&rdquo; and wears size L</p>.', 5, 0, '2018-07-26 04:22:01', '2018-11-28 03:57:03'),
(53, 'ELEMENT BASELAYER SHORT SLEEVE TOP', 'element-baselayer-short-sleeve-top', 12, 1, 30, 26, 30, '{\"XS\":4,\"S\":\"12\",\"M\":\"10\"}', 'b10-41532579220.jpg', '[\"b10-31532579220.jpg\",\"b10-21532579220.jpg\",\"b10-11532579220.jpg\",\"b10-51532579220.jpg\",\"b10-61532579220.jpg\"]', 'Look no further for the perfect baselayer collection.', '<p>Look no further for the perfect baselayer collection. Lightweight, breathable soft stretch fabric ensures a second-skin feel that is close, yet still incredibly comfortable. The Element Baselayer Short Sleeve Top boasts mesh ventilation to enhance your training potential.</p>\r\n\r\n<p>DRY technology wicks away moisture, keeping you cool and comfortable. With such a flattering fit, the Element Baselayer Short Sleeve Top is perfect worn alone, or layered. Complete with Gymshark printed logo.</p>\r\n\r\n<p>93% Polyester, 7% Elastane.</p>\r\n\r\n<p>Model is 6&#39;0&quot; and wears size M</p>', 18, 0, '2018-07-26 04:27:00', '2018-11-28 03:57:03'),
(54, 'ONYX IMPERIAL TANK BLACK', 'onyx-imperial-tank-black', 12, 1, 40, 31, 40, '{\"XS\":10,\"S\":10,\"XL\":\"11\"}', 'b9-41532579295.jpg', '[\"b9-31532579295.jpg\",\"b9-21532579295.jpg\",\"b9-11532579295.jpg\",\"b9-51532579295.jpg\"]', 'Embrace the darkness - introducing the Onyx Imperial.', '<p>Embrace the darkness - introducing the Onyx Imperial.</p>\r\n\r\n<p>The Onyx Imperial Tank acts as a second-skin for you whilst you train. Premium, lightweight soft-stretch fabric offers flexibility, support and confidence for improved performance.</p>\r\n\r\n<p>Engineered with our signature Seamless technology, this tank is designed to flatter and enhance specific muscle groups, accentuating your physique with unique fabric shading and supportive stretch.</p>\r\n\r\n<p>Complete with raised rubber logo.</p>\r\n\r\n<p>70% Polyester, 24% Nylon, 6% Elastane.</p>\r\n\r\n<p>Model is 6&#39;2&quot; and wears size L</p>', 8, 0, '2018-07-26 04:28:15', '2018-11-28 03:57:03'),
(55, 'FLEX LEGGINGS BLACK MARL', 'flex-leggings-black-marl', 12, 1, 38, 30, 38, '{\"M\":11,\"XL\":7,\"3XL\":\"12\"}', 'b8-41532579398.jpg', '[\"b8-11532579398.jpg\",\"b8-31532579398.jpg\",\"b8-21532579398.jpg\",\"b8-51532579398.jpg\"]', 'All the favourite features of the iconic Flex design, now for men.', '<p>All the favourite features of the iconic Flex design, now for men. Super soft, moisture-wicking fabric and a seamless knit offer an unbeatable combination of form and function.</p>\r\n\r\n<p>-Seamless knit<br />\r\n-Performance waistband<br />\r\n-Physique contouring design</p>\r\n\r\n<p>&nbsp;58% Polyamide, 39% Polyester, 3% Elastane</p>\r\n\r\n<p>Model is 6&rsquo;2&rdquo; and wears size L</p>', 62, 0, '2018-07-26 04:29:58', '2018-11-28 03:57:03'),
(56, 'ELEMENT BASELAYER SHORT SLEEVE TOP CHARCOAL MARL', 'element-baselayer-short-sleeve-top-charcoal-marl', 12, 1, 30, 50, 30, '{\"XS\":14,\"S\":24,\"M\":\"12\"}', 'b6-41532579665.jpg', '[\"b6-31532579665.jpg\",\"b6-21532579665.jpg\",\"b6-11532579665.jpg\",\"b6-51532579665.jpg\",\"b6-61532579665.jpg\"]', 'DRY Moisture management and mesh panelling for breathability, the Element Short Sleeve is your new gym essential.', '<p>DRY Moisture management and mesh panelling for breathability, the Element Short Sleeve is your new gym essential.</p>\r\n\r\n<p>-Gymshark printed logo</p>\r\n\r\n<p>-Mesh ventilation</p>\r\n\r\n<p>-DRY moisture management</p>\r\n\r\n<p>91% Polyester, 9% Elastane</p>\r\n\r\n<p><br />\r\nModel is 5&#39;8&quot; and wears size L</p>', 31, 0, '2018-07-26 04:34:25', '2018-11-28 03:57:03');
INSERT INTO `products` (`id`, `name`, `alias`, `cate_id`, `sup_id`, `price`, `quantity`, `reduce`, `size`, `image`, `sub_image`, `intro`, `description`, `view`, `status`, `created_at`, `updated_at`) VALUES
(57, 'ELEMENT BASELAYER SHORT SLEEVE TOP DEEP RED', 'element-baselayer-short-sleeve-top-deep-red', 12, 1, 30, 40, 30, '{\"XS\":\"5\",\"S\":\"22\",\"M\":\"13\"}', 'b5-41532579734.jpg', '[\"b5-31532579734.jpg\",\"b5-21532579734.jpg\",\"b5-11532579734.jpg\",\"b5-51532579734.jpg\",\"b5-61532579734.jpg\"]', 'Look no further for the perfect baselayer collection.', '<p>Look no further for the perfect baselayer collection. Lightweight, breathable soft stretch fabric ensures a second-skin feel that is close, yet still incredibly comfortable. The Element Baselayer Short Sleeve Top boasts mesh ventilation to enhance your training potential.</p>\r\n\r\n<p>DRY technology wicks away moisture, keeping you cool and comfortable. With such a flattering fit, the Element Baselayer Short Sleeve Top is perfect worn alone, or layered. Complete with Gymshark printed logo.</p>\r\n\r\n<p>93% Polyester, 7% Elastane.</p>\r\n\r\n<p>Model is&nbsp;6&#39;2&rdquo; and wears size L</p>', 37, 0, '2018-07-26 04:35:34', '2018-11-28 03:57:03'),
(58, 'SOLACE SWEATER KHAKI', 'solace-sweater-khaki', 13, 1, 48, 36, 48, '{\"XS\":\"12\",\"M\":\"12\",\"S\":\"12\"}', 'h10-41532580533.jpg', '[\"h10-31532580533.jpg\",\"h10-21532580533.jpg\",\"h10-11532580533.jpg\",\"h10-51532580533.jpg\",\"h10-61532580533.jpg\"]', 'So indescribably soft, you won’t want to take it off.', '<p>So indescribably soft, you won&rsquo;t want to take it off. The women&rsquo;s Solace Sweater is made from a fabric like no other &ndash; when you feel it, you&rsquo;ll know. With part ribbed dipped cuffs and rib neck detailing, it combines subtle style with superior comfort.</p>\r\n\r\n<p>In a flattering midi-crop length, it provides the perfect coverage. Pair with the Solace Bottoms for the co-ordinated look, or with your favourite Gymshark leggings for an unbeatable combination of comfort and effortless cool.</p>\r\n\r\n<p>79% Viscose, 17% Polyester, 4% Elastane.</p>\r\n\r\n<p>Model is 5&#39;7&quot; and wears size S</p>', 0, 0, '2018-07-26 04:48:53', '2018-11-28 03:57:03'),
(59, 'SOLACE SWEATER SAND', 'solace-sweater-sand', 13, 1, 48, 55, 48, '{\"XS\":\"12\",\"S\":\"21\",\"2XL\":\"22\"}', 'h9-41532580612.jpg', '[\"h9-31532580612.jpg\",\"h9-21532580612.jpg\",\"h9-11532580612.jpg\",\"h9-51532580612.jpg\",\"h9-61532580612.jpg\"]', 'So indescribably soft, you won’t want to take it off.', '<p>So indescribably soft, you won&rsquo;t want to take it off. The women&rsquo;s Solace Sweater is made from a fabric like no other &ndash; when you feel it, you&rsquo;ll know. With part ribbed dipped cuffs and rib neck detailing, it combines subtle style with superior comfort.</p>\r\n\r\n<p>In a flattering midi-crop length, it provides the perfect coverage. Pair with the Solace Bottoms for the co-ordinated look, or with your favourite Gymshark leggings for an unbeatable combination of comfort and effortless cool.</p>\r\n\r\n<p>79% Viscose, 17% Polyester, 4% Elastane.</p>\r\n\r\n<p>Model is 5&rsquo;7&rsquo;&rsquo; and wears size S.</p>', 0, 0, '2018-07-26 04:50:12', '2018-11-28 03:57:03'),
(60, 'SLEEK RUNNING RAINCOAT BLACK', 'sleek-running-raincoat-black', 13, 1, 100, 174, 100, '{\"XS\":21,\"S\":12,\"M\":\"13\",\"L\":128}', 'h8-41532580693.jpg', '[\"h8-31532580693.jpg\",\"h8-21532580693.jpg\",\"h8-11532580693.jpg\",\"h8-51532580693.jpg\",\"h8-61532580693.jpg\"]', 'Fully waterproof and beautifully flattering, the women’s Sleek Raincoat features a funnel neck, hood and adjustable internal drawcord that you can wear relaxed or cinched in.', '<p>Fully waterproof and beautifully flattering, the women&rsquo;s Sleek Raincoat features a funnel neck, hood and adjustable internal drawcord that you can wear relaxed or cinched in. With an off-centre zip and dipped cuffs and hem, its sleek silhouette is a result of superior design.</p>\r\n\r\n<p>Zip pockets to the front are both subtle and perfect for storing essentials. Anti-crease fabric with matte, buttery soft feel is lightweight and ensures lasting comfort. Complete with convenient thumbholes.</p>\r\n\r\n<p>100% Polyester.</p>\r\n\r\n<p>Model is 5&rsquo;9&rsquo;&rsquo; and wears size S.</p>', 1, 0, '2018-07-26 04:51:33', '2018-11-28 03:57:03'),
(61, 'WINTER TRACKSUIT ZIP HOODIE BLACK', 'winter-tracksuit-zip-hoodie-black', 13, 1, 48, 71, 48, '{\"XS\":\"12\",\"S\":\"3\",\"M\":\"2\",\"XL\":\"12\",\"2XL\":\"42\"}', 'h7-41532580794.jpg', '[\"h7-31532580794.jpg\",\"h7-21532580794.jpg\",\"h7-11532580794.jpg\",\"h7-51532580794.jpg\",\"h7-61532580794.jpg\"]', 'Your new favourite hoodie – Gymshark style.', '<p>Your new favourite hoodie &ndash; Gymshark style. The Winter Tracksuit Zip Up Hoodie is like nothing you&rsquo;ve seen before. Elasticated part-jacquard hem offers unbeatable comfort and support.</p>\r\n\r\n<p>Ultra-soft material and fleece lining guarantees comfort, keeping you cosy through the winter months. Complete with part-jacquard cuffs, contrast draw cords and split kangaroo pocket.</p>\r\n\r\n<p>67% Cotton, 33% Polyester.</p>\r\n\r\n<p>Model is 5&#39;9&rdquo; and wears size S</p>', 0, 0, '2018-07-26 04:53:14', '2018-11-28 03:57:03'),
(62, 'TWO TONE CROPPED HOODIE KHAKI/BLACK', 'two-tone-cropped-hoodie-khakiblack', 13, 1, 48, 63, 48, '{\"XS\":\"12\",\"S\":\"22\",\"M\":\"3\",\"L\":\"21\",\"2XL\":\"5\"}', 'h6-41532580888.jpg', '[\"h6-31532580888.jpg\",\"h6-21532580888.jpg\",\"h6-11532580888.jpg\",\"h6-51532580888.jpg\",\"h6-61532580888.jpg\"]', 'The Two Tone Cropped Hoodie features a relaxed, boxy fit with contrasting arm design.', '<p>The Two Tone Cropped Hoodie features a relaxed, boxy fit with contrasting arm design. Fabric is soft, structured and holds its shape effortlessly whilst drop arms enhance the laidback look.</p>\r\n\r\n<p>It&rsquo;s the perfect outer layer whether you&rsquo;re training or chilling, featuring concealed zip pockets and contrast draw cords. Complete with contrast logo detailing to the front hem and back.</p>\r\n\r\n<p>Main Fabric: 79% Polyester, 15% Viscose, 6% Elastane.</p>\r\n\r\n<p>Lining: 62% Cotton, 38% Polyester.</p>\r\n\r\n<p>Model is 5&rsquo;9&rsquo;&rsquo; and wears size S</p>', 0, 0, '2018-07-26 04:54:48', '2018-11-28 03:57:03'),
(63, 'TWO TONE CROPPED HOODIE KHAKI/BLACK', 'two-tone-cropped-hoodie-khakiblack', 13, 1, 48, 63, 48, '{\"XS\":\"12\",\"S\":\"22\",\"M\":\"3\",\"L\":\"21\",\"2XL\":\"5\"}', 'h6-41532580888.jpg', '[\"h6-31532580888.jpg\",\"h6-21532580888.jpg\",\"h6-11532580888.jpg\",\"h6-51532580888.jpg\",\"h6-61532580888.jpg\"]', 'The Two Tone Cropped Hoodie features a relaxed, boxy fit with contrasting arm design.', '<p>The Two Tone Cropped Hoodie features a relaxed, boxy fit with contrasting arm design. Fabric is soft, structured and holds its shape effortlessly whilst drop arms enhance the laidback look.</p>\r\n\r\n<p>It&rsquo;s the perfect outer layer whether you&rsquo;re training or chilling, featuring concealed zip pockets and contrast draw cords. Complete with contrast logo detailing to the front hem and back.</p>\r\n\r\n<p>Main Fabric: 79% Polyester, 15% Viscose, 6% Elastane.</p>\r\n\r\n<p>Lining: 62% Cotton, 38% Polyester.</p>\r\n\r\n<p>Model is 5&rsquo;9&rsquo;&rsquo; and wears size S</p>', 0, 0, '2018-07-26 04:54:48', '2018-11-28 03:57:03'),
(64, 'CREST HOODIE SAND', 'crest-hoodie-sand', 13, 1, 40, 66, 40, '{\"XS\":\"12\",\"S\":\"33\",\"M\":\"21\"}', 'h5-41532580963.jpg', '[\"h5-31532580963.jpg\",\"h5-21532580963.jpg\",\"h5-11532580963.jpg\",\"h5-51532580963.jpg\",\"h5-61532580963.jpg\"]', 'As the seasons change, keep it comfortable in the signature Crest Pullover Hoodie.', '<p>As the seasons change, keep it comfortable in the signature Crest Pullover Hoodie. Available in a range of stunning colourways, ribbed cuffs and hem offer a next-level quality feel.</p>\r\n\r\n<p>Crafted with a superior, soft cotton blend fabric, the Crest Hoodie features a relaxed fit for a free range of motion. This timeless staple is a gym bag essential, finished with discreet Gymshark detailing and a kangaroo pocket to hold essentials. Complete with a three-piece lined hood and drawstring.</p>\r\n\r\n<p>60% Cotton, 40% Polyester.<br />\r\n&nbsp;</p>\r\n\r\n<p>Model is 5&rsquo;9&rsquo;&rsquo; and wears size S.</p>', 0, 0, '2018-07-26 04:56:03', '2018-11-28 03:57:03'),
(65, 'TWO TONE CROPPED HOODIE BEET/BLACK MARL', 'two-tone-cropped-hoodie-beetblack-marl', 13, 1, 46, 154, 46, '{\"XS\":\"122\",\"M\":\"21\",\"L\":\"11\"}', 'h4-41532581065.jpg', '[\"h4-31532581065.jpg\",\"h4-21532581065.jpg\",\"h4-11532581065.jpg\",\"h4-51532581065.jpg\"]', 'The Two Tone Cropped Hoodie features a relaxed, boxy fit with contrasting arm design.', '<p>The Two Tone Cropped Hoodie features a relaxed, boxy fit with contrasting arm design. Fabric is soft, structured and holds its shape effortlessly whilst drop arms enhance the laidback look.</p>\r\n\r\n<p>It&rsquo;s the perfect outer layer whether you&rsquo;re training or chilling, featuring concealed zip pockets and contrast draw cords. Complete with contrast logo detailing to the front hem and back.</p>\r\n\r\n<p>Main Fabric: 79% Polyester, 15% Viscose, 6% Elastane.</p>\r\n\r\n<p>Lining: 62% Cotton, 38% Polyester.</p>\r\n\r\n<p>Model is 5&rsquo;10&rsquo;&rsquo; and wears size S.</p>', 0, 0, '2018-07-26 04:57:45', '2018-11-28 03:57:03'),
(66, 'FIT HOODIE CHARCOAL MARL', 'fit-hoodie-charcoal-marl', 13, 1, 42, 7, 42, '{\"XS\":\"2\",\"S\":\"3\",\"L\":\"2\"}', 'h3-41532581151.jpg', '[\"h3-31532581151.jpg\",\"h3-21532581151.jpg\",\"h3-11532581151.jpg\",\"h3-51532581151.jpg\",\"h3-61532581151.jpg\"]', 'Figure hugging and shape enhancing, the Fit Hoodie is a breathable and essential addition to your workout wardrobe.', '<p>Figure hugging and shape enhancing, the Fit Hoodie is a breathable and essential addition to your workout wardrobe.</p>\r\n\r\n<p>- 3-piece hood&nbsp;<br />\r\n- Tapered fit<br />\r\n- 3D rubber logo<br />\r\n<br />\r\n50% Cotton, 43% Polyester, 7% Elastane</p>\r\n\r\n<p>Model is 5&#39;9&quot; and wears a size S</p>', 3, 0, '2018-07-26 04:59:11', '2018-11-28 03:57:03'),
(67, 'CROPPED RAW EDGE HOODIE BLACK', 'cropped-raw-edge-hoodie-black', 13, 1, 42, 49, 42, '{\"XS\":\"2\",\"S\":\"3\",\"L\":\"12\",\"XL\":\"32\"}', 'h2-41532581242.jpg', '[\"h2-31532581242.jpg\",\"h2-21532581242.jpg\",\"h2-11532581242.jpg\",\"h2-51532581242.jpg\"]', 'Dominate your workout in effortless style with the Women’s Cropped Raw Edge Hoodie.', '<p>Dominate your workout in effortless style with the Women&rsquo;s Cropped Raw Edge Hoodie. Always stay a step ahead with raw edge design, unique crossover cuffs and stepped hem. Carefully crafted chest cut-outs enhance breathability, whilst relaxed fit ensures consistent comfort. The Cropped Raw Edge Hoodie comes complete with beautifully embroidered Gymshark logo.</p>\r\n\r\n<p>60% Cotton, 40% Polyester.&nbsp;<br />\r\n<br />\r\nModel is 5&rsquo;9&rsquo;&rsquo; and wears size S.</p>', 0, 0, '2018-07-26 05:00:42', '2018-11-28 03:57:03'),
(68, 'SLOUNGE CROPPED HOODIE TAUPE MARL', 'slounge-cropped-hoodie-taupe-marl', 13, 1, 42, 74, 42, '{\"XS\":\"20\",\"M\":\"20\",\"L\":\"23\",\"2XL\":\"11\"}', 'h1-41532581401.jpg', '{\"2\":\"apple1539002958.jpg\",\"0\":\"3331539002979.jpg\",\"1\":\"3331539002979.jpg\"}', 'Relaxation never felt so good - introducing the Women’s Slounge Collection.', '<p>Relaxation never felt so good - introducing the Women&rsquo;s Slounge Collection.</p>\r\n\r\n<p>Carefully crafted with our softest fabric blend yet, its slim fit follows your body&rsquo;s shape closely to ensure freedom of movement. With an oversized, three-piece hood, additional thumbholes, and a ribbed-marl design you&rsquo;re guaranteed a customisable feel for consistent comfort on your day off.</p>\r\n\r\n<p>In a flattering mid-crop length, it provides the perfect coverage. Pair with the Slounge Legging for the coordinated look, or with your favourite Gymshark legging for an unbeatable combination of comfort and effortless wear.</p>\r\n\r\n<p>60% Polyester, 38% Viscose, 2% Elastane.</p>\r\n\r\n<p>Model is 5&rsquo;8&rsquo;&rsquo; and wears size S.</p>', 0, 0, '2018-07-26 05:03:21', '2018-11-28 03:57:03'),
(70, 'SLEEK SCULPTURE LEGGINGS 2.0 CHALK TAUPE', 'sleek-sculpture-leggings-20-chalk-taupe', 16, 1, 46, 50, 46, '{\"S\":\"23\",\"XS\":\"12\",\"L\":\"15\"}', 'b1-41532659587.jpg', '[\"b1-31532659587.jpg\",\"b1-21532659587.jpg\",\"b1-11532659587.jpg\",\"b1-51532659587.jpg\",\"b1-61532659587.jpg\"]', 'Flattering medium rise fit and mesh panelling.', '<p>Flattering medium rise fit and mesh panelling. The Sleek Sculpture Leggings 2.0 offer the ultimate style and functionality. In stunning limited edition colour ways, they&rsquo;re a true one of a kind.</p>\r\n\r\n<p>Sweat-wicking capabilities ensure you stay cool and comfortable, whilst overlay waistband provides an unbeatable feeling of support. Complete with subtle side pockets and reflective Gymshark logo.</p>\r\n\r\n<p>Main: 87% Polyester, 13% Elastane.<br />\r\nMesh: 88% Polyester, 12% Elastane.</p>\r\n\r\n<p>Model is 5&#39;7&quot; and wears size S</p>', 0, 0, '2018-07-27 02:46:27', '2018-11-28 03:57:03'),
(71, 'SLEEK SCULPTURE LEGGINGS 2.0 DUSKY PINK MARL', 'sleek-sculpture-leggings-20-dusky-pink-marl', 16, 1, 46, 41, 43, '{\"XS\":\"14\",\"S\":\"15\",\"L\":\"12\"}', 'b10-41532659726.jpg', '[\"b10-31532659726.jpg\",\"b10-21532659726.jpg\",\"b10-11532659726.jpg\",\"b10-51532659726.jpg\"]', 'Flattering medium rise fit and mesh panelling.', '<p>Flattering medium rise fit and mesh panelling. The Sleek Sculpture Leggings 2.0 offer the ultimate style and functionality. In stunning limited edition colour ways, they&rsquo;re a true one of a kind.</p>\r\n\r\n<p>Sweat-wicking capabilities ensure you stay cool and comfortable, whilst overlay waistband provides an unbeatable feeling of support. Complete with subtle side pockets and reflective Gymshark logo.</p>\r\n\r\n<p>Main: 87% Polyester, 13% Elastane.<br />\r\nMesh: 88% Polyester, 12% Elastane.<br />\r\n<br />\r\nModel is 5&#39;7&quot; and wears size S</p>', 1, 0, '2018-07-27 02:48:46', '2018-11-28 03:57:03'),
(89, 'test', 'test', 3, 1, 5, 6, 3, '', 'e11534090159.jpg', '[]', 'hi', '<p>hi</p>', 0, 0, '2018-08-12 16:09:19', '2018-11-28 03:57:03'),
(72, 'OMBRE SEAMLESS LEGGINGS PEACH PINK/CHARCOAL', 'ombre-seamless-leggings-peach-pinkcharcoal', 16, 1, 50, 66, 50, '{\"XS\":\"12\",\"S\":\"10\",\"M\":\"21\",\"2XL\":\"11\",\"L\":\"12\"}', 'b9-41532660001.jpg', '[\"b9-31532660001.jpg\",\"b9-21532660001.jpg\",\"b9-11532660001.jpg\",\"b9-51532660001.jpg\",\"b9-61532660001.jpg\"]', 'Combining beautiful design with our innovative Seamless knit.', '<p>Combining beautiful design with our innovative Seamless knit. The Ombre Seamless Leggings are available in several stunning colourways, featuring physique contouring shading and rib detailing woven into luxuriously soft fabric.</p>\r\n\r\n<p>High waisted fit and glute enhancing design offer second-to-none support, whilst DRY moisture management technology ensures a cool and comfortable workout. Pair with your favourite Gymshark sports bra for an unbeatable outfit combo that looks good, and performs.</p>\r\n\r\n<p>Complete with printed logo details.</p>\r\n\r\n<p>54% Nylon, 34% Polyester, 12% Elastane.</p>\r\n\r\n<p>Model is 5&rsquo;9&rsquo;&rsquo; and wears size S.</p>', 0, 0, '2018-07-27 02:53:21', '2018-11-28 03:57:03'),
(73, 'SLEEK SCULPTURE LEGGINGS 2.0 INTENSE CORAL', 'sleek-sculpture-leggings-20-intense-coral', 16, 1, 46, 38, 46, '{\"XS\":11,\"S\":\"13\",\"L\":\"14\"}', 'b8-41532660130.jpg', '[\"b8-31532660130.jpg\",\"b8-21532660130.jpg\",\"b8-11532660130.jpg\",\"b8-51532660130.jpg\",\"b8-61532660130.jpg\"]', 'Flattering medium rise fit and mesh panelling.', '<p>Flattering medium rise fit and mesh panelling. The Sleek Sculpture Leggings 2.0 offer the ultimate style and functionality. In stunning limited edition colour ways, they&rsquo;re a true one of a kind.</p>\r\n\r\n<p>Sweat-wicking capabilities ensure you stay cool and comfortable, whilst overlay waistband provides an unbeatable feeling of support. Complete with subtle side pockets and reflective Gymshark logo.</p>\r\n\r\n<p>Main: 87% Polyester, 13% Elastane.<br />\r\nMesh: 88% Polyester, 12% Elastane.</p>\r\n\r\n<p>Model 5&#39;10&quot; and wears a S</p>', 1, 0, '2018-07-27 02:55:30', '2018-11-28 03:57:03'),
(74, 'DREAMY CROPPED LEGGINGS SLATE GREY', 'dreamy-cropped-leggings-slate-grey', 16, 1, 40, 77, 40, '{\"XS\":11,\"S\":\"12\",\"M\":\"33\",\"L\":\"21\"}', 'b7-41532660255.jpg', '[\"b7-31532660255.jpg\",\"b7-21532660255.jpg\",\"b7-11532660255.jpg\",\"b7-51532660255.jpg\"]', 'Give your legs their most comfortable workout yet.', '<p>Give your legs their most comfortable workout yet. The Women&#39;s Dreamy Cropped Leggings are so soft; they almost feel unreal.</p>\r\n\r\n<p>83% Polyester 17% Elastane</p>\r\n\r\n<p>Model 5&#39;10&quot; and wears a S</p>', 1, 0, '2018-07-27 02:57:35', '2018-11-28 03:57:03'),
(75, 'FIT LEGGINGS SAPPHIRE BLUE/ICE BLUE', 'fit-leggings-sapphire-blueice-blue', 16, 1, 36, 39, 36, '{\"XS\":\"12\",\"S\":\"13\",\"M\":\"14\"}', 'b6-41532660390.jpg', '[\"b6-31532660390.jpg\",\"b6-21532660390.jpg\",\"b6-11532660390.jpg\",\"b6-51532660390.jpg\",\"b6-61532660390.jpg\"]', 'Boasting soft-stretch fabric for an unrestricted fit and liberated range of movement, the Fit Leggings allow you to move through your workout freely and in total comfort.', '<p>Boasting soft-stretch fabric for an unrestricted fit and liberated range of movement, the Fit Leggings allow you to move through your workout freely and in total comfort.</p>\r\n\r\n<p>With an elasticated, branded performance waistband and a mid-rise fit, you&rsquo;re ensured to feel both stylish and supported. Complete with an internal, silicone grip the Fit Leggings provide a stay put feel during your workout.</p>\r\n\r\n<p>80% Nylon, 20% Elastane</p>\r\n\r\n<p>Model 5&#39;8&quot; and wears a S</p>', 1, 0, '2018-07-27 02:59:50', '2018-11-28 03:57:03'),
(76, 'DREAMY LEGGINGS TAUPE', 'dreamy-leggings-taupe', 16, 1, 42, 66, 42, '{\"XS\":21,\"S\":\"12\",\"M\":\"33\"}', 'b5-41532660537.jpg', '[\"b5-31532660537.jpg\",\"b5-21532660537.jpg\",\"b5-11532660537.jpg\",\"b5-51532660537.jpg\",\"b5-61532660537.jpg\"]', 'So soft, you’ll think it’s a dream.', '<p>So soft, you&rsquo;ll think it&rsquo;s a dream. Designed with ultimate comfort in mind, the Dreamy Leggings have been created with our softest material blend yet to ensure an irritation-free workout.</p>\r\n\r\n<p>A sleek and subtle concealed pocket along the waistband is ideal for storing essentials whilst it&rsquo;s form-flattering, high waisted fit guarantees effortless wear.</p>\r\n\r\n<p>Complete with Gymshark printed logo.</p>\r\n\r\n<p>70% Polyester 30% Elastane.</p>\r\n\r\n<p>Model 5&#39;10&quot; and wears a S</p>', 2, 0, '2018-07-27 03:02:17', '2018-11-28 03:57:03'),
(77, 'TWOTONE SEAMLESS LEGGINGS PURPLE WASH', 'twotone-seamless-leggings-purple-wash', 16, 1, 52, 57, 50, '{\"XS\":7,\"S\":\"13\",\"L\":\"12\",\"XL\":\"14\",\"2XL\":\"11\"}', 'b4-41532660844.jpg', '[\"b4-31532660844.jpg\",\"b4-21532660844.jpg\",\"b4-11532660844.jpg\",\"b4-51532660844.jpg\",\"b4-61532660844.jpg\"]', 'Combining beautiful design with our innovative Seamless technology.', '<p>Combining beautiful design with our innovative Seamless technology. The Seamless TwoTone Leggings are high waisted, luxuriously soft and feature a stunning dual-toned marl fabric design in several must-have colourways.</p>\r\n\r\n<p>High waist fit, rib detailing and glute-enhancing seams offer supreme support, whilst Gymshark DRY technology keeps you cool and dry. Complete with unique jacquard logo, the Seamless TwoTone leggings are the ultimate one of a kind.</p>\r\n\r\n<p>69% Nylon, 17% Polyester, 14% Elastane.</p>\r\n\r\n<p>Model is 5&rsquo;8&rsquo;&rsquo; and wears size S.</p>', 9, 0, '2018-07-27 03:07:24', '2018-11-28 03:57:03'),
(78, 'TWOTONE SEAMLESS LEGGINGS BLACK/BLACK MARL', 'twotone-seamless-leggings-blackblack-marl', 16, 1, 52, 60, 52, '{\"XS\":\"11\",\"S\":\"18\",\"M\":\"11\",\"XL\":\"20\"}', 'b3-41532661013.jpg', '[\"b3-31532661013.jpg\",\"b3-21532661013.jpg\",\"b3-11532661013.jpg\",\"b3-51532661013.jpg\",\"b3-61532661013.jpg\"]', 'Combining beautiful design with our innovative Seamless technology.', '<p>Combining beautiful design with our innovative Seamless technology. The Seamless TwoTone Leggings are high waisted, luxuriously soft and feature a stunning dual-toned marl fabric design in several must-have colourways.</p>\r\n\r\n<p>High waist fit, rib detailing and glute-enhancing seams offer supreme support, whilst Gymshark DRY technology keeps you cool and dry. Complete with unique jacquard logo, the Seamless TwoTone leggings are the ultimate one of a kind.</p>\r\n\r\n<p>69% Nylon, 17% Polyester, 14% Elastane.</p>\r\n\r\n<p>Model is 5&rsquo;9&rsquo;&rsquo; and wears size S.</p>', 9, 0, '2018-07-27 03:10:13', '2018-11-28 03:57:03'),
(84, 'Commercial Exercise Cycle', 'commercial-exercise-cycle', 9, 1, 200, 11, 200, 'null', 'e31534041762.jpg', NULL, 'great', '<p>1. Strong frame,ergonomic design, so that users feel more relaxed<br />\r\n2. The seat cushion can be adjust vertical and horizontal,can meet all users&#39;requirement.<br />\r\n3. The form arm tube can be adjust vertical,can meet all shape users&#39; requirement.<br />\r\n4.Adjustable pedal. make the user feel more comfortable.<br />\r\n5.Adopt emergency stop system make sure user can work in a safety condition.<br />\r\n6.The machine can work in bidirectional ways,you can choose your exercise style.<br />\r\n7.Front moving wheel design,can be easily removed.<br />\r\n8.Adopt senior resistance adjustment machine and aluminium alloy brake<br />\r\n9.Special shock-absorption device make you feel more comfortable and full of passion.</p>', 2, 0, '2018-08-12 02:42:42', '2018-11-28 03:57:03'),
(85, 'W2004 Pec Fly & Rear Delt', 'w2004-pec-fly--rear-delt', 9, 1, 250, 19, 250, 'null', 'e41534042292.jpg', NULL, 'Assemble Space: 1420*1080*2120 mm', '<p>Training parts: biceps, triceps, chest, back<br />\r\nProduct feature: Arm&rsquo;s angle can be adjusted, multi-directional movement is available for whole body, longer handgrip, feel more comfortable.&nbsp; &nbsp;Multi function training, metal pulley, can be paired with the central tower freely customized into 4 stations, 5 stations, 8 station, 12 station, 16 stations training machine.</p>', 1, 0, '2018-08-12 02:51:32', '2018-11-28 03:57:03'),
(86, 'F1-7006 Chest Extension', 'f17006-chest-extension', 9, 1, 200, 30, 200, 'null', 'e51534042419.jpg', NULL, 'Assemble Space: 1350*1200*1600 (mm)', '<p>Function：Exercise chest pectoralis major<br />\r\n<br />\r\n1.The air pressure adjustment system makes the adjustment flexible and convenient.<br />\r\n<br />\r\n2.Interactive handles design, can be automatically adjusted, suitable for different arm length exercisers.<br />\r\n<br />\r\n3.Adjacent and divergent axis movements are consistent with joint motion to ensure that the range of motion is comfortable and natural.</p>', 1, 0, '2018-08-12 02:53:39', '2018-11-28 03:57:03'),
(87, 'Fashion 3-Station Integrated Training Machine', 'fashion-3station-integrated-training-machine', 9, 1, 160, 34, 150, 'null', 'hort9-61534042529.jpg', '[]', 'Assemble Space:（L*W*H）: 2300*1850*2065（mm）', '<p>Function: leg press, leg extension, chest extension, high pull, low pull, and abdomen-press etc.<br />\r\n 2300*1850*2065（mm）<br />\r\n<br />\r\nFunction Features<br />\r\nInnovative design, compact structure, can be used by five people simultaneously.<br />\r\nTotal Two towers，40pcs <strong>cast iron  </strong>Weight stacks ，20 pieces per tower for household trainer, 10pounds/pc</p>', 3, 0, '2018-08-12 02:55:29', '2018-11-28 03:57:03'),
(88, 'Bio-Arc Series', 'bioarc-series', 0, 1, 300, 10, 300, '', 'e8-31534042893.jpg', '[\"e8-21534042893.jpg\",\"e8-21534042893.jpg\"]', 'TuﬀStuﬀ is proud to introduce the Bio-Arc strength series, the ﬁrst resistance machines to incorporate multiplanar movement of each machine’s seat, along a linear arc trajectory', '<table cellpadding=\"0\" cellspacing=\"0\" style=\"width:100%\">\r\n	<tbody>\r\n		<tr>\r\n			<td>\r\n			<p>R&amp;D</p>\r\n			</td>\r\n		</tr>\r\n	</tbody>\r\n</table>\r\n\r\n<p>TuﬀStuﬀ is proud to introduce the Bio-Arc strength series, the ﬁrst resistance machines to incorporate multiplanar movement of each machine&rsquo;s seat, along a linear arc trajectory. The seat movement allows the user to move along the arc path in conjunction with the machine helping to maintain more optimal muscle length and improving the force of contraction and training stimulus. Three years in the making, from concepts and engineering to prototype, testing and reﬁnements. Each of the Bio-Arc line&#39;s machines were tested, following initial design positioning, by an independent exercise consulting company. Pilot research studies combining joint positioning &ndash; using goniometry testing, along with muscle recruitment<strong>and activity measurements &ndash; through electromyographic (EMG) testing were performed to determine the optimal dimensions of each unit for ﬁnal production. Every detail and design modiﬁcations were executed to exact speciﬁcations and re-tested. The end results, a patented&nbsp;</strong><strong>Bio-Arc Technology that allows full body linear arc trajectory motion during execution of</strong><br />\r\n<strong>the exercise!</strong></p>', 0, 0, '2018-08-12 03:01:33', '2018-11-19 15:04:09'),
(91, 'Product 5', 'product-5', 3, 1, 20, 22, 20, '{\"XS\":\"12\",\"M\":\"10\"}', 'b5-115326605371543298367.jpg', '[\"apple1540877181.jpg\"]', 'hi', 'hi\r\n', 0, 0, '2018-10-30 05:26:21', '2018-11-28 03:57:03'),
(92, 'Product 4', 'product-4', 13, 1, 40, 10, 20, '{\"XS\":\"10\"}', 'b4-415326608441543298341.jpg', '[\"apple1540878438.jpg\"]', 'hihihi', 'hi\r\n\r\nhi\r\n', 0, 0, '2018-10-30 05:28:56', '2018-11-28 03:57:03'),
(90, 'Product 6', 'product-6', 7, 1, 202, 0, 16, '', 'b1-315325770231543298391.jpg', '[\"3331539003160.jpg\"]', 'hihigg', 'qweaggg', 0, 0, '2018-10-08 12:51:29', '2018-11-28 03:57:03'),
(93, 'Product 3', 'product-3', 4, 1, 22, 13, 22, '{\"XS\":\"5\",\"S\":\"8\"}', 'b6-215326603901543298320.jpg', '[]', 'hello', 'hi', 0, 0, '2018-11-19 13:50:09', '2018-11-28 03:57:03'),
(94, 'Product 2', 'product-2', 6, 2, 33, 30, 33, '{\"XS\":\"30\"}', 'b6-115325796651543298281.jpg', '[]', '33', '33', 0, 0, '2018-11-19 15:20:43', '2018-11-28 03:57:03'),
(95, 'Product 1', 'product-1', 6, 1, 33, 20, 33, '{\"XS\":\"20\"}', 'b5-215325797341543298258.jpg', '[]', 'tt', 'tt', 0, 0, '2018-11-19 15:54:42', '2018-11-28 03:57:03'),
(96, 'Shirt Cotton', 'shirt-cotton', 5, 2, 33, 20, 33, '{\"XS\":\"20\"}', 'b6-115326603901543377503.jpg', '[]', 'hi', 'ji', 0, 0, '2018-11-28 03:21:39', '2018-11-28 03:58:23'),
(97, 'product 10', 'product-10', 3, 1, 20, 10, 10, '{\"XS\":\"10\"}', 'b5-515325797341543375395.jpg', '[]', 'hi', 'hi', 0, 0, '2018-11-28 03:23:15', '2018-11-28 03:57:03'),
(98, 'product 11', 'product-11', 5, 2, 20, 10, 20, '{\"XS\":\"10\"}', 'short_1215313030931543377469.jpg', '[]', 'hi', 'hi', 0, 0, '2018-11-28 03:26:51', '2018-11-28 03:57:49');

-- --------------------------------------------------------

--
-- Table structure for table `ship`
--

DROP TABLE IF EXISTS `ship`;
CREATE TABLE IF NOT EXISTS `ship` (
  `id` int(10) UNSIGNED NOT NULL AUTO_INCREMENT,
  `user_id` int(11) NOT NULL,
  `order_id` int(11) NOT NULL,
  `status` int(11) NOT NULL DEFAULT '0',
  `created_at` timestamp NULL DEFAULT NULL,
  `updated_at` timestamp NULL DEFAULT NULL,
  PRIMARY KEY (`id`)
) ENGINE=MyISAM AUTO_INCREMENT=77 DEFAULT CHARSET=utf8mb4 COLLATE=utf8mb4_unicode_ci;

--
-- Dumping data for table `ship`
--

INSERT INTO `ship` (`id`, `user_id`, `order_id`, `status`, `created_at`, `updated_at`) VALUES
(1, 11, 33, 2, NULL, NULL),
(2, 10, 28, 2, NULL, NULL),
(3, 11, 29, 2, NULL, NULL),
(4, 12, 30, 2, NULL, NULL),
(5, 12, 34, 2, NULL, NULL),
(6, 10, 36, 2, NULL, NULL),
(7, 10, 38, 2, NULL, NULL),
(8, 10, 39, 2, NULL, NULL),
(9, 11, 40, 2, NULL, NULL),
(10, 10, 41, 2, NULL, NULL),
(11, 11, 44, 2, NULL, NULL),
(12, 12, 43, 1, NULL, NULL),
(13, 10, 35, 1, NULL, NULL),
(14, 10, 31, 1, NULL, NULL),
(15, 11, 32, 2, NULL, NULL),
(16, 11, 37, 1, NULL, NULL),
(17, 11, 46, 2, NULL, NULL),
(18, 11, 48, 2, NULL, NULL),
(19, 10, 42, 2, NULL, NULL),
(20, 11, 71, 2, NULL, NULL),
(21, 11, 73, 2, NULL, NULL),
(22, 11, 77, 1, NULL, NULL),
(23, 12, 76, 1, NULL, NULL),
(24, 11, 79, 1, NULL, NULL),
(25, 10, 80, 2, NULL, NULL),
(26, 12, 82, 2, NULL, NULL),
(27, 11, 83, 2, NULL, NULL),
(28, 11, 90, 2, NULL, NULL),
(29, 11, 93, 2, NULL, NULL),
(30, 12, 94, 2, NULL, NULL),
(31, 11, 92, 2, NULL, NULL),
(32, 12, 88, 1, NULL, NULL),
(33, 11, 85, 2, NULL, NULL),
(34, 11, 75, 1, NULL, NULL),
(35, 11, 84, 1, NULL, NULL),
(36, 12, 81, 2, NULL, NULL),
(37, 12, 68, 1, NULL, NULL),
(38, 10, 87, 2, NULL, NULL),
(39, 11, 78, 2, NULL, NULL),
(40, 11, 74, 1, NULL, NULL),
(41, 12, 67, 2, NULL, NULL),
(42, 10, 66, 2, NULL, NULL),
(43, 12, 64, 2, NULL, NULL),
(44, 11, 57, 2, NULL, NULL),
(45, 11, 95, 2, NULL, NULL),
(46, 12, 96, 2, NULL, NULL),
(47, 11, 98, 2, NULL, NULL),
(48, 11, 116, 2, NULL, NULL),
(49, 11, 117, 2, NULL, NULL),
(50, 11, 119, 2, NULL, NULL),
(51, 11, 120, 2, NULL, NULL),
(52, 11, 121, 2, NULL, NULL),
(53, 11, 124, 2, NULL, NULL),
(54, 11, 126, 2, NULL, NULL),
(56, 10, 105, 1, NULL, NULL),
(60, 11, 104, 2, NULL, NULL),
(61, 11, 99, 1, NULL, NULL),
(62, 11, 56, 2, NULL, NULL),
(63, 22, 52, 2, NULL, NULL),
(64, 10, 260, 2, NULL, NULL),
(65, 22, 258, 1, NULL, NULL),
(66, 12, 257, 2, NULL, NULL),
(67, 11, 264, 2, NULL, NULL),
(68, 11, 256, 1, NULL, NULL),
(69, 11, 255, 0, NULL, NULL),
(70, 11, 254, 0, NULL, NULL),
(71, 11, 253, 2, NULL, NULL),
(72, 11, 252, 2, NULL, NULL),
(73, 11, 228, 2, NULL, NULL),
(74, 11, 267, 1, NULL, NULL),
(75, 11, 266, 2, NULL, NULL),
(76, 11, 265, 2, NULL, NULL);

-- --------------------------------------------------------

--
-- Table structure for table `status`
--

DROP TABLE IF EXISTS `status`;
CREATE TABLE IF NOT EXISTS `status` (
  `id` int(10) UNSIGNED NOT NULL AUTO_INCREMENT,
  `name` varchar(191) COLLATE utf8mb4_unicode_ci NOT NULL,
  `created_at` timestamp NULL DEFAULT NULL,
  `updated_at` timestamp NULL DEFAULT NULL,
  PRIMARY KEY (`id`)
) ENGINE=MyISAM AUTO_INCREMENT=7 DEFAULT CHARSET=utf8mb4 COLLATE=utf8mb4_unicode_ci;

--
-- Dumping data for table `status`
--

INSERT INTO `status` (`id`, `name`, `created_at`, `updated_at`) VALUES
(1, 'New', NULL, NULL),
(2, 'Confirmed', NULL, NULL),
(3, 'Delivering', NULL, NULL),
(4, 'Completed', NULL, NULL),
(5, 'Cancel', NULL, NULL);

-- --------------------------------------------------------

--
-- Table structure for table `suppliers`
--

DROP TABLE IF EXISTS `suppliers`;
CREATE TABLE IF NOT EXISTS `suppliers` (
  `id` int(11) NOT NULL AUTO_INCREMENT,
  `name` varchar(200) COLLATE utf8_unicode_ci NOT NULL,
  `phone` varchar(100) COLLATE utf8_unicode_ci NOT NULL,
  `address` varchar(200) COLLATE utf8_unicode_ci NOT NULL,
  `status` int(11) NOT NULL,
  `created_at` timestamp NOT NULL DEFAULT CURRENT_TIMESTAMP,
  PRIMARY KEY (`id`)
) ENGINE=MyISAM AUTO_INCREMENT=3 DEFAULT CHARSET=utf8 COLLATE=utf8_unicode_ci;

--
-- Dumping data for table `suppliers`
--

INSERT INTO `suppliers` (`id`, `name`, `phone`, `address`, `status`, `created_at`) VALUES
(1, 'Suplier 1', '01688868553', 'Q8', 0, '2018-11-19 13:47:21'),
(2, 'Supplier 4', '01655789', 'Q2', 0, '2018-11-19 13:47:39');

-- --------------------------------------------------------

--
-- Table structure for table `users`
--

DROP TABLE IF EXISTS `users`;
CREATE TABLE IF NOT EXISTS `users` (
  `id` int(10) UNSIGNED NOT NULL AUTO_INCREMENT,
  `first_name` varchar(191) COLLATE utf8mb4_unicode_ci NOT NULL,
  `last_name` varchar(191) COLLATE utf8mb4_unicode_ci NOT NULL,
  `email` varchar(191) COLLATE utf8mb4_unicode_ci NOT NULL,
  `password` varchar(191) COLLATE utf8mb4_unicode_ci NOT NULL,
  `image` varchar(191) COLLATE utf8mb4_unicode_ci DEFAULT NULL,
  `permission_id` varchar(191) COLLATE utf8mb4_unicode_ci NOT NULL,
  `phone_number` varchar(191) COLLATE utf8mb4_unicode_ci NOT NULL,
  `address` varchar(50) COLLATE utf8mb4_unicode_ci DEFAULT NULL,
  `status` int(11) NOT NULL DEFAULT '0',
  `remember_token` varchar(100) COLLATE utf8mb4_unicode_ci DEFAULT NULL,
  `created_at` timestamp NULL DEFAULT NULL,
  `updated_at` timestamp NULL DEFAULT NULL,
  PRIMARY KEY (`id`),
  UNIQUE KEY `users_email_unique` (`email`)
) ENGINE=MyISAM AUTO_INCREMENT=26 DEFAULT CHARSET=utf8mb4 COLLATE=utf8mb4_unicode_ci;

--
-- Dumping data for table `users`
--

INSERT INTO `users` (`id`, `first_name`, `last_name`, `email`, `password`, `image`, `permission_id`, `phone_number`, `address`, `status`, `remember_token`, `created_at`, `updated_at`) VALUES
(1, 'Harrik', 'Uchiha', 'a@gmail.com', '$2y$10$1BMY0BkqbMmZtLe85kK4iezUhMK.FM3sfTkGqOCkxbMKF/5t5n3k6', '', '2', '012654', NULL, 0, 'D8SzQymjGl1W94oHe77qc4wNbbWoTot7SV4ZTuCoTHUqOf5u5JSU8qBYUCzi', '2018-07-06 05:47:08', '2018-07-06 05:47:08'),
(2, 'Kem', 'Kiin', 'b@gmail.com', '$2y$10$jMjbvZcv4OJz.9py/V5tj.k9HEK2AfL4J3yJbVRXNktBvT45ObEie', 'apple1543298185.jpg', '1', '01688868553', 'Q1', 0, 'KU6lWMG43alwZVtBxEEeC9O6gJXAVmvPxvo5Nk45kvmOTJ2U2BS7o4kpMeBG', '2018-07-06 07:26:45', '2018-08-11 06:16:34'),
(3, 'Sandy', 'Lou', 'san@gmail.com', '$2y$10$/wMWhqS9i/Bb.EMXRNg.3.1jWVj6Byhbzr52iWC.6jjAICuR1IEii', '', '4', '0168868553', NULL, 0, NULL, '2018-07-12 05:36:17', '2018-07-12 05:36:17'),
(4, 'Mood', 'OM', 'moo@gmail.com', '$2y$10$fO0IJwhe4R/P0nZfJ9rE0OS2Yo.iuY5X9iAvW53bt5DNJ4nrdf5aS', 'bingoi1531405438.jpg', '4', '01245', 'Q9', 0, NULL, '2018-07-12 05:40:10', '2018-07-12 07:38:09'),
(5, 'Hen', 'ry', 'he@gmail.com', '$2y$10$d98EHsTsdChxbnLTN6DtUOZ94k/h8fE.ekZ7f3BUCjdf574VCLxf6', 'apple1532346162.jpg', '4', '011111', 'Q7', 0, 'W7OTAgposH2vfuC36xWXwfhNMbGMPRQTCpuIfdRYq1EHjEuCef7lIlKFhIti', '2018-07-14 03:28:04', '2018-07-29 15:13:07'),
(6, 'Ku', 'Te', 'ku@gmail.com', '$2y$10$fHDZvStjawPJ/AIt27nleO9czrUFTqdv82GV.SN2kkccc7nFfDwd6', 'ajinomoto1531585002.jpg', '4', '01688868553', NULL, 0, 'dZMPgtRSCGsL0bb6AbLBbDKHPZDaBisDgI2M6GtepX7FKLzYPxmz2VYJGJA2', '2018-07-14 16:16:42', '2018-07-14 16:16:42'),
(7, 'Elizabenth aa', 'Jonhangson', 'enter@gmail.com', '$2y$10$9Z7rhY2nk5ZHfhPr/ZDYuuD5rjcve0qQFGAM.tEzCeR9As3CFqTs2', '^^1532923710.jpg', '2', '0165534789', NULL, 0, NULL, '2018-07-22 03:03:06', '2018-07-22 03:03:06'),
(8, 'Victork', 'Rick', 'sale@gmail.com', '$2y$10$NwGrXfL4DAU3I75GXrNGpuzxGsWYPXKPPXfLIJgSZgYgMX6oP6CfK', 'applevinegar1532228632.jpg', '3', '478913123', NULL, 0, NULL, '2018-07-22 03:03:52', '2018-07-22 03:03:52'),
(9, 'hiddisonte', 'Kid', 'saler@gmail.com', '$2y$10$uGCGCuvKi2Z2umOxpD8i3e7jaPQ7e02tURAEFBN8hdKsNAf/V.abO', '', '5', '013654784', NULL, 0, 'EhN5tpmvkyp4xr0bVAWHJzmW66tc5n72bFteeKgc0SRYOaUhtOuO8zllJfbl', '2018-07-22 03:04:52', '2018-07-22 03:04:52'),
(10, 'Ship', 'Shirt', 'ss@gmail.com', '$2y$10$9VRf4jN2hxnVD8/rGVltWukd/bVSlfv6rzlZ9AeRiFkht7HQK8Bh6', '', '6', '01685534781', NULL, 0, NULL, '2018-07-22 13:07:04', '2018-07-22 13:07:04'),
(11, 'Ken', 'ji', 'kj@gmail.com', '$2y$10$mbRIh1Q46l5PSTzE9LYkVe9LfvM8xIwOzjEyxaLCJOwe1ukq13AGy', '', '6', '01688553147', NULL, 0, '1qE74gpSQO5waA3iFquVJXCb7xDBTivEa1UuTDJgNZrlEifEvLOzgLxqdCEG', '2018-07-22 13:07:24', '2018-07-22 13:07:24'),
(12, 'Jack', 'Ken', 'k@gmail.com', '$2y$10$G4VF.rXCkcyta3NYkz8OMedGETRA738pO1JrjDO65QQzp4a.9X1Ne', '', '6', '0168853477', NULL, 0, NULL, '2018-07-22 13:07:52', '2018-07-22 13:07:52'),
(13, 'Jack', 'Johang', 'cuongmanh2311@gmail.com', '$2y$10$LgJLSm1kmryNicmsCHLf1eNgrkf8osq49OY.uEPyy.C2BYl7ARnMm', '', '4', '0165421782', NULL, 0, 'E8fJYaE55it7XVBjdRmoB0gmQHnJ5xQnJkpto1XRJxMslLPQkYnJvwnWPrvZ', '2018-07-26 06:08:18', '2018-07-26 06:08:18'),
(18, 'KIM', 'Mi', 'kim@gmail.com', '$2y$10$MM1KcKYQMzwXDNwuyi/S.ezWtk/MWakFnlFf4X37fNvQOI8riV20a', '', '4', '01688868553', NULL, 0, NULL, '2018-07-29 06:13:52', '2018-07-29 06:13:52'),
(16, 'rick', 'Kid', 'rick@gmail.com', '$2y$10$8Ikp7UnX27hXjYJ3cFdgNeiLAaW2093Z6GsLQc0rQ.HdR2xDC1Cau', '', '5', '0126547841', NULL, 0, NULL, '2018-07-26 16:39:27', '2018-07-26 16:39:27'),
(17, 'Jamieeeee', 'Honieeee', 'ja@gmail.com', '$2y$10$HpWpGnr0ZMn4E99JWcq1m.akVSCUWZhZ8IIYAAXOslL2/wNvV33Me', 'h2-31532627439.jpg', '4', '015464571212', 'Q2', 0, 'JW0Z2waYF809Memd7oLg5HzLPEGcp8mp53X3fQLGd4hs8GjFDGaW8lrZXFmI', '2018-07-26 17:37:59', '2018-07-26 17:40:46'),
(19, 'Chik', 'Ki', 'chik@gmail.com', '$2y$10$hQNHEPms3I9bsUt2fQDgyOP6J3HMg0PrC7uJSmdFyP4Ea5O3sszj6', '', '4', '4557987131654', NULL, 0, NULL, '2018-07-29 06:14:28', '2018-07-29 06:14:28'),
(21, 'Duong', 'Tran', 'duong@gmail.com', '$2y$10$.4//sg1N/6jTo.93CKZff.Jiv103u1ThK9xhObbYD4YircYVCfs9G', '', '4', '0168868553', NULL, 0, '2evbkxInQf6E55R8CdaBecgnJBpuLiZ3qA4YUWZJNL62pz1X70KF8kalVgBE', '2018-08-12 16:12:02', '2018-08-12 16:12:02'),
(20, 'Vyking', 'Mai', 'vy@gmail.com', '$2y$10$FRMMSERG.ROQwYXNUR3v8.7GTVG2rrKgMLEP74YotjEsxmvk6hbPC', '', '2', '0168868553', NULL, 0, NULL, '2018-08-11 06:13:19', '2018-08-11 06:13:19'),
(22, 'Express', 'Kick', 'ex@gmail.com', '$2y$10$A0sWBfUTbLv/oKjG7Uk0meqP6fWm24FJ/CWd3kd7EnmV30qMcNjFK', '', '6', '01688868553', 'Q2', 0, NULL, NULL, NULL),
(23, 'Hermione', 'Diffindon', 'di@gmail.com', '$2y$10$4BMhyLDlXl9Fg2BG/0ZjFeYknuA.ubuCdcqQ9.fHGf8cGTEacs0cK', 'apple1543297894.jpg', '4', '016888685533', 'Q2', 0, NULL, NULL, NULL),
(24, 'hi', 'hi', 'b2@gmail.com', '$2y$10$rx0WxgsH5X3tDBc9Wm0vie381o6gejPQ6npM1pssk3s5/2Ig2/EaO', '', '5', '01688868553', '', 0, NULL, NULL, NULL),
(25, 'Slim', 'Join', 's@gmail.com', '$2y$10$2vDIKAC2CoGM.OoPAU5zJ..7mY.K/p/3hj7xyKW5m28ENrNtVNjrO', 'apple1543236991.jpg', '4', '01688868553', 'Q2', 0, NULL, NULL, NULL);
COMMIT;

/*!40101 SET CHARACTER_SET_CLIENT=@OLD_CHARACTER_SET_CLIENT */;
/*!40101 SET CHARACTER_SET_RESULTS=@OLD_CHARACTER_SET_RESULTS */;
/*!40101 SET COLLATION_CONNECTION=@OLD_COLLATION_CONNECTION */;
